{"products":[{"id":1,"name":"Small Plastic Mouse","description":"Iusto iusto et tempora. Tempore quia quam ipsum ullam officia repudiandae vel. Itaque at repudiandae corporis libero laboriosam et.","price":"691.00","imageUrl":"http://lorempixel.com/640/480/nightlife","quantity":94097},{"id":2,"name":"Generic Wooden Mouse","description":"At a corrupti culpa natus. Quis laboriosam tempora alias consectetur porro. Sequi facere dolorum earum et quisquam neque. Veniam deleniti animi ex ipsa omnis ut eos.","price":"268.00","imageUrl":"http://lorempixel.com/640/480/food","quantity":95255},{"id":3,"name":"Small Plastic Pizza","description":"Tempore sequi tempora iusto libero possimus vitae quo aspernatur. Quos eum temporibus nihil reiciendis delectus pariatur. Libero nesciunt accusantium sunt suscipit iusto.","price":"424.00","imageUrl":"http://lorempixel.com/640/480/abstract","quantity":77224},{"id":4,"name":"Intelligent Granite Sausages","description":"Aliquid nemo assumenda quia commodi. Nisi delectus voluptatem qui quisquam atque. Et officia voluptates harum dolorem vero nesciunt numquam illo omnis. Cupiditate non voluptas. Natus id error modi quia deserunt sit praesentium laboriosam.","price":"653.00","imageUrl":"http://lorempixel.com/640/480/sports","quantity":4512},{"id":5,"name":"Intelligent Frozen Table","description":"Itaque tenetur quibusdam qui et. Qui occaecati non commodi velit. Tempora laudantium dicta qui deleniti. Id aut aut nemo.","price":"244.00","imageUrl":"http://lorempixel.com/640/480/business","quantity":59596},{"id":6,"name":"Gorgeous Soft Towels","description":"Qui ea qui quia placeat magni optio assumenda. Nulla repudiandae sint in aut incidunt alias et. Nisi doloribus culpa dolorem eos molestiae dolore occaecati. Rerum quaerat reprehenderit quo occaecati minima sed at cum. Assumenda est velit quo deleniti voluptate cumque dolorum voluptas. Et impedit laudantium aut ut voluptates sed.","price":"378.00","imageUrl":"http://lorempixel.com/640/480/animals","quantity":31072},{"id":7,"name":"Awesome Granite Chair","description":"Aut quam voluptatem. Quasi ut sit eos cum quasi quia.","price":"326.00","imageUrl":"http://lorempixel.com/640/480/nature","quantity":1914},{"id":8,"name":"Practical Soft Table","description":"Quibusdam repellendus omnis veniam. Dolor qui omnis non eligendi fugiat. Ut a illum eos excepturi. Qui sed porro laboriosam deserunt sunt non ea consequatur ea. Deleniti placeat non. Voluptas aut libero quaerat odit.","price":"196.00","imageUrl":"http://lorempixel.com/640/480/sports","quantity":51670},{"id":9,"name":"Tasty Cotton Mouse","description":"Aliquid accusantium est possimus fugit et et ipsum. Asperiores dignissimos aut. Nesciunt non eos.","price":"944.00","imageUrl":"http://lorempixel.com/640/480/sports","quantity":87395},{"id":10,"name":"Refined Soft Shoes","description":"Esse adipisci dicta ab consequatur ducimus sed ad aut. Amet tempora sed qui aspernatur quis accusamus consequatur. Mollitia perspiciatis quia sunt molestiae aut dolorem earum aliquam.","price":"871.00","imageUrl":"http://lorempixel.com/640/480/nature","quantity":15354},{"id":11,"name":"Rustic Wooden Chips","description":"Perferendis reprehenderit voluptates nostrum similique facilis excepturi. Neque quis molestias expedita culpa et in. Laboriosam tenetur est soluta placeat praesentium aut fugit.","price":"732.00","imageUrl":"http://lorempixel.com/640/480/technics","quantity":47813},{"id":12,"name":"Handcrafted Wooden Car","description":"Porro quia repellendus dolor consequatur nihil possimus autem. In quam aut est dolore aliquam minima. Voluptatibus inventore animi repellendus ea quia cum laudantium repudiandae autem. Eligendi vero tempora hic sed consequuntur odio.","price":"202.00","imageUrl":"http://lorempixel.com/640/480/sports","quantity":37435},{"id":13,"name":"Handcrafted Rubber Mouse","description":"Pariatur consequatur fugit. Voluptas nihil et quia voluptas temporibus. Ut nemo suscipit quasi ipsam minus magnam. Et sed temporibus rerum nihil est.","price":"504.00","imageUrl":"http://lorempixel.com/640/480/food","quantity":1596},{"id":14,"name":"Awesome Metal Gloves","description":"In omnis impedit nesciunt reiciendis dolores architecto aut corporis perspiciatis. Earum illum consequatur veritatis consequuntur autem impedit. Ea aliquam aliquid nemo ut.","price":"324.00","imageUrl":"http://lorempixel.com/640/480/city","quantity":18840},{"id":15,"name":"Licensed Concrete Shoes","description":"Id consectetur ullam suscipit delectus ipsum et. Esse modi eum rerum quisquam id. Voluptatem molestias aperiam.","price":"358.00","imageUrl":"http://lorempixel.com/640/480/animals","quantity":59816},{"id":16,"name":"Refined Steel Chair","description":"Voluptate qui asperiores dicta sit amet et. Minima quia rerum quod vel. Eveniet qui dolorum recusandae nihil aperiam commodi asperiores aut nostrum. Molestiae sed voluptatem placeat dolorum rerum recusandae ut facilis sed. Temporibus deserunt quod omnis mollitia perspiciatis minus. Quasi dolores cupiditate enim.","price":"971.00","imageUrl":"http://lorempixel.com/640/480/business","quantity":58314},{"id":17,"name":"Generic Fresh Shoes","description":"Et est dolorum numquam qui. Incidunt quisquam delectus error numquam ab.","price":"655.00","imageUrl":"http://lorempixel.com/640/480/technics","quantity":26685},{"id":18,"name":"Sleek Rubber Chair","description":"Voluptas incidunt tempora exercitationem culpa iusto molestiae quibusdam. Sint magni aut eligendi optio et nostrum accusantium enim possimus. Repudiandae ea sit corporis quo iste non expedita earum.","price":"865.00","imageUrl":"http://lorempixel.com/640/480/cats","quantity":89361},{"id":19,"name":"Fantastic Steel Soap","description":"Dolores incidunt ut reprehenderit omnis. Quibusdam deserunt voluptatem amet possimus ullam et minus. Perspiciatis minus et. Quis exercitationem suscipit. In minima non deleniti laboriosam quo est quo aut.","price":"561.00","imageUrl":"http://lorempixel.com/640/480/city","quantity":10378},{"id":20,"name":"Unbranded Concrete Ball","description":"In natus quo magnam corporis quaerat aut vero. Enim ut autem dolorem. Beatae qui eveniet exercitationem ut modi ipsum. Doloribus et voluptas dolor qui repellendus aspernatur voluptate aliquid neque. Aut assumenda consectetur. Adipisci labore blanditiis magni cupiditate.","price":"840.00","imageUrl":"http://lorempixel.com/640/480/business","quantity":86384},{"id":21,"name":"Unbranded Soft Tuna","description":"Non molestiae aperiam qui accusamus dolore. Nihil maxime quia veniam quo.","price":"764.00","imageUrl":"http://lorempixel.com/640/480/fashion","quantity":11805},{"id":22,"name":"Small Concrete Cheese","description":"Nihil quis autem natus est assumenda pariatur sed facere. Et non beatae occaecati repudiandae architecto animi quos fuga neque. Ea dolorem aut fuga tempora facilis.","price":"624.00","imageUrl":"http://lorempixel.com/640/480/nightlife","quantity":74455},{"id":23,"name":"Tasty Cotton Shirt","description":"Quasi sint aut vero. Consectetur quae porro. Laborum laudantium et illo nisi mollitia. Et et odio ipsa dicta eveniet odit quod.","price":"549.00","imageUrl":"http://lorempixel.com/640/480/technics","quantity":59093},{"id":24,"name":"Generic Metal Bacon","description":"Illum labore in natus rerum qui. Qui quidem omnis sed neque suscipit laboriosam illum ut. Quisquam vel quod consequatur commodi.","price":"140.00","imageUrl":"http://lorempixel.com/640/480/abstract","quantity":3108},{"id":25,"name":"Ergonomic Rubber Bike","description":"Repellat praesentium quam sunt iusto veniam possimus. Eius enim est sint quidem est omnis. Non dolores atque et officiis. Minima veniam reprehenderit ducimus et omnis suscipit ut. Qui voluptas nesciunt doloremque culpa. Voluptatibus consequatur unde et porro dolorum aut molestiae aut omnis.","price":"437.00","imageUrl":"http://lorempixel.com/640/480/sports","quantity":78797},{"id":26,"name":"Licensed Cotton Chips","description":"Maxime et et occaecati illo harum incidunt voluptates modi. Velit dolore soluta facere modi veritatis odio. Reprehenderit facilis autem praesentium exercitationem cupiditate sunt aut vitae autem. Incidunt eveniet recusandae.","price":"793.00","imageUrl":"http://lorempixel.com/640/480/people","quantity":66948},{"id":27,"name":"Handcrafted Wooden Salad","description":"Esse ea illum optio voluptas iste tempore eligendi voluptatem alias. Eligendi magni ratione vel odio placeat. Culpa cum quo quia veritatis culpa eligendi amet perferendis. Sit incidunt facere repellat. Perspiciatis cumque voluptatum hic. Minus officia dicta eum.","price":"236.00","imageUrl":"http://lorempixel.com/640/480/city","quantity":31461},{"id":28,"name":"Generic Wooden Hat","description":"Iste expedita deleniti qui dolor quidem. Delectus fugiat totam consequatur blanditiis suscipit earum. Dolor at aperiam aspernatur omnis nulla. Magni eos fugiat deserunt velit placeat totam modi ratione.","price":"943.00","imageUrl":"http://lorempixel.com/640/480/fashion","quantity":36519},{"id":29,"name":"Unbranded Metal Soap","description":"Tenetur est odio alias voluptas. Magni mollitia ea eos unde aut porro et. Voluptas placeat voluptatem vel sunt totam. Dicta doloremque quo iure ab fuga maxime velit.","price":"119.00","imageUrl":"http://lorempixel.com/640/480/business","quantity":32940},{"id":30,"name":"Generic Steel Car","description":"Et quas assumenda molestiae. Optio nam vel totam reprehenderit non eligendi enim consequatur. Voluptatem dolorem odit. Quo qui est asperiores. Culpa earum quia sint qui facere autem molestiae eveniet quis. Voluptas quia sequi quo odio neque iusto in id.","price":"842.00","imageUrl":"http://lorempixel.com/640/480/sports","quantity":5204},{"id":31,"name":"Tasty Fresh Shirt","description":"Suscipit aut quia corrupti quo. Nihil dolores quia sint tempora perferendis facere. Repellendus culpa corrupti labore inventore expedita saepe eum dolores odio.","price":"652.00","imageUrl":"http://lorempixel.com/640/480/sports","quantity":3900},{"id":32,"name":"Licensed Granite Mouse","description":"Dolorum porro quia iusto. Harum cumque sunt et. Veniam qui explicabo aliquam. Sunt qui amet voluptatem et officia et quas non voluptates.","price":"644.00","imageUrl":"http://lorempixel.com/640/480/fashion","quantity":25499},{"id":33,"name":"Licensed Wooden Soap","description":"Vel deserunt nesciunt quod nulla corrupti quod maxime. Ea quo et velit dolor facere impedit est.","price":"100.00","imageUrl":"http://lorempixel.com/640/480/technics","quantity":7926},{"id":34,"name":"Licensed Soft Car","description":"Earum possimus culpa omnis cupiditate exercitationem. Qui mollitia quasi et illo. Repudiandae quisquam excepturi sed et numquam. Doloremque non omnis magnam nemo iusto aut.","price":"382.00","imageUrl":"http://lorempixel.com/640/480/nature","quantity":17562},{"id":35,"name":"Tasty Frozen Salad","description":"Dolore est qui inventore consequatur. Voluptas qui non nobis ad delectus ipsa eligendi. Eos veritatis autem facere qui libero. Et nihil adipisci cumque esse sed possimus sint.","price":"178.00","imageUrl":"http://lorempixel.com/640/480/nature","quantity":51092},{"id":36,"name":"Licensed Metal Chicken","description":"Dolor amet molestias. Architecto qui vel saepe. Expedita soluta soluta vel. Molestiae rerum veritatis cum voluptates similique optio praesentium.","price":"40.00","imageUrl":"http://lorempixel.com/640/480/nature","quantity":35900},{"id":37,"name":"Unbranded Soft Sausages","description":"Eius dolor eos similique ipsam ducimus temporibus eligendi. Labore est ut esse quo tempore sequi repellendus fuga a. Odit nostrum quia aut eos officia voluptatum ut sit amet. Amet aut enim sapiente harum cumque. Quia doloremque cupiditate accusamus quia et asperiores voluptatum.","price":"5.00","imageUrl":"http://lorempixel.com/640/480/abstract","quantity":57542},{"id":38,"name":"Fantastic Granite Cheese","description":"Explicabo ipsam ut saepe voluptatem eveniet. Excepturi voluptas sint vel. Voluptatem ea magnam voluptatibus laudantium exercitationem hic tenetur voluptatem. Itaque earum impedit.","price":"722.00","imageUrl":"http://lorempixel.com/640/480/animals","quantity":16187},{"id":39,"name":"Incredible Plastic Pizza","description":"Tenetur saepe quisquam. Alias quidem et officia id molestias. Et consectetur autem quaerat.","price":"748.00","imageUrl":"http://lorempixel.com/640/480/food","quantity":44089},{"id":40,"name":"Generic Rubber Salad","description":"Rerum architecto debitis. Non voluptatem placeat. Rem ad illo illo dolores id. Qui nostrum alias odio. Itaque quo accusantium eos illo incidunt.","price":"392.00","imageUrl":"http://lorempixel.com/640/480/fashion","quantity":14086},{"id":41,"name":"Intelligent Steel Table","description":"Corporis doloribus aperiam harum magni. Hic ducimus corporis itaque eum pariatur aperiam. Cupiditate deleniti quo ut vero. In sint dolorum autem. Ullam ut eum enim earum quod ipsum pariatur quae ut. Minima dolores enim veniam voluptates iste.","price":"759.00","imageUrl":"http://lorempixel.com/640/480/people","quantity":10557},{"id":42,"name":"Gorgeous Cotton Car","description":"Ea perspiciatis quo sed illum molestiae minima. Iusto dolor at. Et tempore harum id corrupti.","price":"461.00","imageUrl":"http://lorempixel.com/640/480/cats","quantity":24396},{"id":43,"name":"Fantastic Wooden Sausages","description":"Doloribus sint sint aliquam animi quam ipsam fugiat. Eaque voluptates incidunt molestiae atque qui cupiditate ipsum quaerat corrupti. Voluptas officiis adipisci aperiam aperiam. Quis aut tempora fugit placeat perspiciatis quam.","price":"231.00","imageUrl":"http://lorempixel.com/640/480/animals","quantity":28365},{"id":44,"name":"Generic Soft Tuna","description":"Est fuga molestias est. Dolorum autem rem neque. Alias asperiores quae sequi velit et voluptatem accusantium. Fuga ea soluta mollitia. Illo nulla qui id quibusdam.","price":"100.00","imageUrl":"http://lorempixel.com/640/480/business","quantity":17373},{"id":45,"name":"Fantastic Soft Keyboard","description":"Porro natus placeat at facilis. Saepe dolorum necessitatibus provident eum. Sed et adipisci magnam explicabo. Quis quasi expedita illo minus qui. Voluptas magni aut.","price":"523.00","imageUrl":"http://lorempixel.com/640/480/fashion","quantity":3099},{"id":46,"name":"Generic Soft Fish","description":"Adipisci est ipsa aut consequatur labore consectetur. Hic eius quis saepe laborum similique. Omnis expedita consequatur qui.","price":"546.00","imageUrl":"http://lorempixel.com/640/480/people","quantity":92732},{"id":47,"name":"Fantastic Rubber Cheese","description":"Id eos sapiente quasi eos voluptatem dolores fugiat autem quae. Laboriosam nihil quis. Aut sed quaerat illo. Neque quo ipsam enim. Quo in sit error neque.","price":"530.00","imageUrl":"http://lorempixel.com/640/480/technics","quantity":94816},{"id":48,"name":"Tasty Granite Fish","description":"Sed eum maiores et nemo sequi quia. Eveniet quo amet accusamus et. Eos mollitia necessitatibus culpa. Aut et et sit a quo cum aliquam. Voluptatibus expedita qui nulla.","price":"892.00","imageUrl":"http://lorempixel.com/640/480/transport","quantity":70172},{"id":49,"name":"Sleek Soft Chips","description":"Eos voluptatem dolor. Voluptas vero nesciunt vitae commodi eius alias repellat eveniet. Blanditiis quia nemo et quam id eveniet.","price":"841.00","imageUrl":"http://lorempixel.com/640/480/abstract","quantity":82324},{"id":50,"name":"Small Concrete Bacon","description":"Eos voluptatem explicabo nobis non quia optio repudiandae. Blanditiis dolor voluptatem reiciendis et mollitia delectus non. Officia molestiae sapiente ut ipsa velit id itaque. Numquam voluptas ab et. Et ut quia.","price":"159.00","imageUrl":"http://lorempixel.com/640/480/nature","quantity":69499},{"id":51,"name":"Small Cotton Chair","description":"Consequatur atque dolor aperiam voluptatem quae id iste sed. Odio et illo corporis blanditiis nam quibusdam optio nobis soluta.","price":"504.00","imageUrl":"http://lorempixel.com/640/480/food","quantity":1285},{"id":52,"name":"Rustic Granite Table","description":"Dignissimos aut dolores iste voluptatem quia. Ut ipsam corporis et consectetur saepe sit quod. Dolor consectetur omnis a labore fugiat sint. Et deserunt quod eaque in quae at perferendis consequuntur. Eum architecto odio architecto. Nisi saepe et non omnis quis neque quo consequuntur.","price":"318.00","imageUrl":"http://lorempixel.com/640/480/nature","quantity":67291},{"id":53,"name":"Practical Granite Gloves","description":"Iusto non voluptatum suscipit ipsam ut aspernatur debitis deserunt omnis. Et laboriosam aut qui commodi facilis autem.","price":"868.00","imageUrl":"http://lorempixel.com/640/480/abstract","quantity":76838},{"id":54,"name":"Refined Soft Pizza","description":"Autem ipsam occaecati delectus placeat nihil dolores. Earum aliquid dolor aperiam et tenetur quae facilis suscipit. Sequi delectus doloremque omnis voluptate earum et. Ut vitae nesciunt. Dignissimos non quis illo recusandae. Cum accusamus ab vero quaerat corporis molestiae saepe dolor.","price":"9.00","imageUrl":"http://lorempixel.com/640/480/nightlife","quantity":6156},{"id":55,"name":"Licensed Concrete Computer","description":"Inventore ducimus ut labore magnam id ducimus. Accusamus sint et reprehenderit qui quod alias repellat in alias. Quis quis et.","price":"573.00","imageUrl":"http://lorempixel.com/640/480/sports","quantity":72951},{"id":56,"name":"Incredible Plastic Cheese","description":"Ut quas omnis voluptatem et saepe. Et sunt odio. Ratione eaque quis et laudantium et molestias in reiciendis numquam.","price":"452.00","imageUrl":"http://lorempixel.com/640/480/food","quantity":56977},{"id":57,"name":"Refined Soft Hat","description":"Et est odio modi. Quia quo voluptatem est odio unde sint et accusantium molestiae. Est occaecati accusamus voluptas enim ut. Voluptatem perferendis aut perferendis et. Voluptas possimus sed laboriosam debitis iure.","price":"298.00","imageUrl":"http://lorempixel.com/640/480/city","quantity":19194},{"id":58,"name":"Tasty Cotton Bacon","description":"Nemo dicta consequatur facere deserunt sequi sit at similique. Itaque eius ipsa voluptatem autem illum. Dolorum sunt possimus eum amet. Sed aut similique deserunt exercitationem commodi voluptas. Praesentium qui aut nesciunt nobis ea rem pariatur.","price":"795.00","imageUrl":"http://lorempixel.com/640/480/transport","quantity":18180},{"id":59,"name":"Rustic Concrete Car","description":"Et nemo ut est sit. Officia qui id.","price":"5.00","imageUrl":"http://lorempixel.com/640/480/technics","quantity":73426},{"id":60,"name":"Ergonomic Rubber Pants","description":"Omnis error ex. Illo error culpa explicabo enim aut aut qui et ullam. Dolorem qui animi non. Id eaque perspiciatis recusandae. Vitae id eos.","price":"275.00","imageUrl":"http://lorempixel.com/640/480/nightlife","quantity":68252},{"id":61,"name":"Generic Metal Pants","description":"Ut perspiciatis et quo fugit perferendis. Eligendi sequi facere aut. Consectetur odio deserunt omnis alias. Voluptas architecto consequatur odio error consectetur. Sint corporis est qui sed placeat ipsam et.","price":"333.00","imageUrl":"http://lorempixel.com/640/480/business","quantity":77530},{"id":62,"name":"Generic Cotton Bacon","description":"Nihil labore molestias quia qui facilis officia nemo. Veritatis harum consequatur tempore quibusdam dicta quisquam labore atque. Pariatur est adipisci vero. Porro tempore temporibus. Et ea voluptas earum expedita quam dolores at. Amet commodi omnis est harum et dolorem voluptas deserunt beatae.","price":"932.00","imageUrl":"http://lorempixel.com/640/480/food","quantity":45843},{"id":63,"name":"Rustic Concrete Shirt","description":"Id quisquam dolores debitis voluptatum vel odit et est qui. Odit ut ab neque quo velit necessitatibus.","price":"725.00","imageUrl":"http://lorempixel.com/640/480/animals","quantity":20699},{"id":64,"name":"Awesome Rubber Shirt","description":"Dolorem temporibus ipsa eligendi est sit molestias. Consequatur et natus voluptates odio rerum iste porro nihil reprehenderit. Id veritatis sed repellendus occaecati occaecati laudantium eligendi.","price":"389.00","imageUrl":"http://lorempixel.com/640/480/people","quantity":19631},{"id":65,"name":"Gorgeous Plastic Towels","description":"Similique beatae nisi labore odit iure saepe non. Consequatur ipsa atque numquam dolor.","price":"170.00","imageUrl":"http://lorempixel.com/640/480/technics","quantity":49055},{"id":66,"name":"Generic Cotton Car","description":"Officiis cumque quo. Odit perferendis animi.","price":"999.00","imageUrl":"http://lorempixel.com/640/480/nature","quantity":45654},{"id":67,"name":"Handcrafted Rubber Salad","description":"Accusantium expedita magni quaerat modi architecto non consequatur. Deleniti debitis et accusamus inventore cupiditate dolor repellendus voluptatem corporis. Voluptate sunt quos nam possimus doloribus. Fugit totam voluptatibus. Atque dolor mollitia aut. Ipsum dolores omnis quia qui.","price":"677.00","imageUrl":"http://lorempixel.com/640/480/abstract","quantity":1727},{"id":68,"name":"Incredible Granite Shoes","description":"Et aut mollitia ab. Non nulla alias amet velit asperiores et quia est ut. Voluptatem odio tempore. Voluptate sunt similique ut dolor eos eius eos.","price":"577.00","imageUrl":"http://lorempixel.com/640/480/transport","quantity":98001},{"id":69,"name":"Incredible Metal Chair","description":"Suscipit consectetur ea. Accusamus consequatur ipsam atque soluta tenetur.","price":"29.00","imageUrl":"http://lorempixel.com/640/480/technics","quantity":92282},{"id":70,"name":"Refined Plastic Table","description":"Dicta eos dolores dolores. Aut cumque dolores voluptatum repellendus et. Dolorem est aut earum quam quas quisquam. Quod sint ut itaque fugit excepturi esse. Qui et ea totam. Enim et quibusdam non sed impedit velit ut rem.","price":"738.00","imageUrl":"http://lorempixel.com/640/480/animals","quantity":27744},{"id":71,"name":"Generic Wooden Hat","description":"Incidunt repellendus fuga enim. Animi hic cupiditate expedita est tenetur. Dolorem voluptas voluptas est architecto repudiandae.","price":"353.00","imageUrl":"http://lorempixel.com/640/480/transport","quantity":51683},{"id":72,"name":"Gorgeous Plastic Towels","description":"Vitae id necessitatibus sit quasi molestias incidunt ab quis consequatur. Assumenda voluptas modi aspernatur ipsa necessitatibus.","price":"262.00","imageUrl":"http://lorempixel.com/640/480/business","quantity":48122},{"id":73,"name":"Unbranded Rubber Pants","description":"Omnis consequatur eos est quis. Est exercitationem qui qui illum.","price":"331.00","imageUrl":"http://lorempixel.com/640/480/people","quantity":20763},{"id":74,"name":"Small Rubber Chips","description":"Beatae magni laborum aut. Laboriosam placeat ad exercitationem et dolores et quis quibusdam quo. Sit rerum totam quasi ab et blanditiis voluptatem. Libero harum quod.","price":"734.00","imageUrl":"http://lorempixel.com/640/480/people","quantity":53388},{"id":75,"name":"Handcrafted Fresh Car","description":"Nemo blanditiis ut placeat quae officia voluptatum veniam adipisci beatae. Maxime perspiciatis excepturi laborum dolores. Natus quos dolor repudiandae alias adipisci hic voluptatum qui. Dignissimos ullam hic. Debitis quibusdam ut et id aut animi. Quia eos dicta.","price":"285.00","imageUrl":"http://lorempixel.com/640/480/transport","quantity":59125},{"id":76,"name":"Licensed Wooden Fish","description":"Quaerat voluptas voluptatem omnis corrupti repellendus aut. Dolore voluptatibus voluptatem officia debitis. Natus neque error minima et nam qui laudantium. Doloribus magnam et ea tempora eum debitis quibusdam qui. Non quas delectus quibusdam consectetur omnis quia rem maxime id. Architecto sunt deserunt deleniti excepturi sit dolores eligendi aut et.","price":"165.00","imageUrl":"http://lorempixel.com/640/480/animals","quantity":39263},{"id":77,"name":"Ergonomic Frozen Pizza","description":"Natus ducimus eveniet tempora qui eius quam. Adipisci pariatur vitae aut tempora voluptates temporibus saepe aut ea. Quis neque eligendi voluptates et. Culpa ut quae dolores et voluptatem cum odio.","price":"387.00","imageUrl":"http://lorempixel.com/640/480/technics","quantity":13645},{"id":78,"name":"Practical Steel Tuna","description":"Iure sapiente reprehenderit veniam rerum et architecto ut nostrum quia. Commodi pariatur similique et odit quia quia et doloribus excepturi. Aut autem enim. Aut ratione a doloremque cumque officiis.","price":"347.00","imageUrl":"http://lorempixel.com/640/480/food","quantity":2489},{"id":79,"name":"Unbranded Steel Bacon","description":"Numquam adipisci voluptas sit quo quos illum explicabo voluptatem temporibus. Natus excepturi impedit dolores exercitationem magni et iure. Sunt est officia accusamus et quae. Magnam est sit eveniet dignissimos voluptatem sequi similique. Ipsam illum numquam est. Nemo vero sint debitis consequatur explicabo quae.","price":"520.00","imageUrl":"http://lorempixel.com/640/480/nightlife","quantity":93839},{"id":80,"name":"Sleek Plastic Car","description":"Voluptatem quod corrupti. Minus molestiae cum culpa. Accusamus libero voluptate necessitatibus velit at velit dolorum est. Aut deleniti similique architecto culpa consectetur temporibus dolore.","price":"625.00","imageUrl":"http://lorempixel.com/640/480/city","quantity":20864},{"id":81,"name":"Tasty Granite Sausages","description":"Aspernatur sint eveniet reiciendis eos in illo qui magni. Perferendis atque vero quia omnis hic qui possimus. Et debitis fuga quis est dignissimos sed id. Molestiae reiciendis delectus qui ad voluptas molestiae dolorem. Voluptatum consequatur et tenetur nisi dignissimos expedita sit assumenda.","price":"232.00","imageUrl":"http://lorempixel.com/640/480/food","quantity":31528},{"id":82,"name":"Incredible Concrete Chicken","description":"Deleniti quo eos dolore. Voluptatem praesentium dolor eos adipisci voluptate et laborum. Et voluptas fugit delectus itaque. Voluptas cumque nihil inventore. Qui consectetur provident dolorem eius enim dolor. Dicta ullam quam a quo explicabo aut eum dolor.","price":"541.00","imageUrl":"http://lorempixel.com/640/480/food","quantity":24097},{"id":83,"name":"Unbranded Frozen Car","description":"Voluptatem quae omnis doloribus. Modi in ad voluptas quia consequatur. Dolor in aspernatur sapiente id iure. Exercitationem quod distinctio repellendus ea est dolores molestias molestiae. Saepe voluptatem et id quaerat laboriosam dolores explicabo.","price":"702.00","imageUrl":"http://lorempixel.com/640/480/cats","quantity":83357},{"id":84,"name":"Practical Concrete Soap","description":"Repudiandae et rem eligendi cum ut magnam autem provident aut. Dolore repudiandae qui et. Perspiciatis quis perferendis. Dignissimos pariatur animi.","price":"631.00","imageUrl":"http://lorempixel.com/640/480/animals","quantity":80780},{"id":85,"name":"Licensed Rubber Chips","description":"Velit et labore consectetur minus optio consequatur quisquam alias. Doloremque velit tempora praesentium facilis. Ex rerum ut ut explicabo numquam est odit reiciendis quod. Quisquam voluptas occaecati et velit asperiores architecto esse cumque optio.","price":"728.00","imageUrl":"http://lorempixel.com/640/480/nature","quantity":60651},{"id":86,"name":"Unbranded Cotton Computer","description":"Aliquid ducimus odio non. Facere nihil soluta quas explicabo. Et et corporis laborum. Id exercitationem laboriosam distinctio quas iste blanditiis dolorem eaque perferendis.","price":"614.00","imageUrl":"http://lorempixel.com/640/480/animals","quantity":30442},{"id":87,"name":"Incredible Granite Chicken","description":"Rerum nihil cumque nam. Molestiae sit cupiditate. Neque fuga unde harum dolores culpa modi expedita voluptatem velit. Reprehenderit atque sequi sequi dolorem culpa tempora.","price":"9.00","imageUrl":"http://lorempixel.com/640/480/people","quantity":25904},{"id":88,"name":"Incredible Cotton Fish","description":"Omnis facilis corrupti et ducimus autem et. Recusandae non porro quia ducimus dolorem tempora dicta.","price":"922.00","imageUrl":"http://lorempixel.com/640/480/animals","quantity":79023},{"id":89,"name":"Licensed Concrete Keyboard","description":"Commodi blanditiis dolore id architecto. Omnis quam possimus qui voluptatem. Beatae ipsa aut aut consequatur sequi expedita et.","price":"664.00","imageUrl":"http://lorempixel.com/640/480/business","quantity":10201},{"id":90,"name":"Unbranded Rubber Bacon","description":"Incidunt corporis iste. Quod itaque enim quos et beatae rerum repellendus sit quae.","price":"316.00","imageUrl":"http://lorempixel.com/640/480/cats","quantity":95479},{"id":91,"name":"Handmade Frozen Pants","description":"Perferendis ea alias similique ipsa perferendis velit sequi atque ratione. Est fugit cum commodi debitis iusto rerum ex autem ea.","price":"445.00","imageUrl":"http://lorempixel.com/640/480/business","quantity":61935},{"id":92,"name":"Rustic Plastic Pizza","description":"Dolores voluptatem eos nesciunt deleniti. Dolor quo quasi deleniti.","price":"258.00","imageUrl":"http://lorempixel.com/640/480/cats","quantity":95284},{"id":93,"name":"Practical Concrete Salad","description":"Aspernatur incidunt eaque reiciendis ea. Molestiae unde incidunt rerum quas veniam. Magni doloremque id doloremque.","price":"325.00","imageUrl":"http://lorempixel.com/640/480/city","quantity":95591},{"id":94,"name":"Tasty Concrete Shirt","description":"Voluptas porro dolorum et. Et earum vel temporibus sit eveniet rerum ducimus non. Alias natus optio rerum tenetur vel adipisci. Optio voluptate laudantium omnis omnis.","price":"617.00","imageUrl":"http://lorempixel.com/640/480/city","quantity":4800},{"id":95,"name":"Rustic Fresh Chips","description":"Omnis rerum aut voluptas voluptas. Laboriosam maxime sequi ad tempora. Tenetur ipsa omnis.","price":"485.00","imageUrl":"http://lorempixel.com/640/480/technics","quantity":96489},{"id":96,"name":"Refined Granite Pants","description":"Quis perspiciatis non omnis nesciunt consequatur dolorum possimus. Reprehenderit sunt ea ad id. Non inventore deleniti eum qui dolores. Officia aut voluptatem est alias ex et. Odit sed eius eum.","price":"322.00","imageUrl":"http://lorempixel.com/640/480/food","quantity":93065},{"id":97,"name":"Unbranded Cotton Gloves","description":"Eveniet qui dolores iste suscipit labore atque aut magni. Laudantium ut ab id. Repellendus voluptatem eaque totam. Ut eius et. Suscipit voluptatem commodi dolorum magnam.","price":"876.00","imageUrl":"http://lorempixel.com/640/480/technics","quantity":10539},{"id":98,"name":"Tasty Granite Bike","description":"Et veritatis ut at aperiam voluptatem reiciendis voluptatibus ut. Reiciendis aut qui dignissimos. Et commodi ut debitis veritatis esse architecto sint.","price":"129.00","imageUrl":"http://lorempixel.com/640/480/abstract","quantity":6189},{"id":99,"name":"Tasty Steel Hat","description":"Magnam nihil fugit aut sunt veniam rerum maxime enim. Et quae quae est illum voluptates dolor repudiandae dignissimos.","price":"750.00","imageUrl":"http://lorempixel.com/640/480/cats","quantity":83169},{"id":100,"name":"Unbranded Steel Gloves","description":"Qui quia non totam dolores molestias facere sed. Quidem in repellendus ut quas assumenda sunt. Occaecati ullam et perferendis. Ut odio aut fugiat quis. Deserunt quos quidem est. Libero eveniet iste ut.","price":"738.00","imageUrl":"http://lorempixel.com/640/480/fashion","quantity":90812},{"id":101,"name":"Intelligent Soft Chips","description":"Voluptates quis fugit in officia velit accusamus veniam optio. Excepturi totam dicta velit est necessitatibus est.","price":"322.00","imageUrl":"http://lorempixel.com/640/480/abstract","quantity":10632},{"id":102,"name":"Fantastic Steel Fish","description":"Iste sunt aliquid maxime commodi velit. Saepe veritatis doloremque qui. Porro quam dicta. Praesentium et id non cum. Voluptate veniam dicta incidunt aspernatur voluptatem qui sint consequatur laboriosam.","price":"40.00","imageUrl":"http://lorempixel.com/640/480/abstract","quantity":86411},{"id":103,"name":"Incredible Fresh Gloves","description":"Vero architecto in pariatur perspiciatis voluptatem. Recusandae praesentium perspiciatis ipsam non provident. Illum molestiae voluptatum tempore qui ex ut vero. Praesentium beatae enim sunt praesentium.","price":"134.00","imageUrl":"http://lorempixel.com/640/480/technics","quantity":64840},{"id":104,"name":"Tasty Cotton Tuna","description":"Et doloribus dignissimos culpa aut sint eveniet quis. Enim et voluptatem in labore. Temporibus doloribus rerum. Ipsum iure itaque consequatur non voluptas libero eius qui labore.","price":"53.00","imageUrl":"http://lorempixel.com/640/480/technics","quantity":64537},{"id":105,"name":"Rustic Frozen Shoes","description":"Error qui ex veritatis. Nobis error enim voluptatum atque cum facere sit sequi.","price":"998.00","imageUrl":"http://lorempixel.com/640/480/people","quantity":22994},{"id":106,"name":"Rustic Granite Soap","description":"Dolorem in saepe ea sed sunt voluptas modi odit aut. Ad tenetur et error quam architecto quas et debitis laboriosam. Eius repellendus molestiae blanditiis quia blanditiis cum nulla enim excepturi. Omnis est aliquam neque odit. Et in sunt tempore et repellat. Aut voluptatibus fugit cupiditate quaerat voluptatem rem nulla ratione voluptas.","price":"312.00","imageUrl":"http://lorempixel.com/640/480/nightlife","quantity":4289},{"id":107,"name":"Refined Plastic Soap","description":"Sequi ad nam aut id ex iste at est. Ut dolores non similique. Enim eveniet porro libero ab non. Molestiae aut nobis voluptas voluptatem aut sit error perspiciatis tenetur. Porro velit dolores eos id magni id deserunt laudantium ipsam. Officia numquam cum iste saepe et facere ut dignissimos.","price":"372.00","imageUrl":"http://lorempixel.com/640/480/city","quantity":45300},{"id":108,"name":"Awesome Rubber Sausages","description":"Adipisci mollitia magni. Consequatur recusandae exercitationem culpa ex illum placeat illo.","price":"239.00","imageUrl":"http://lorempixel.com/640/480/technics","quantity":76484},{"id":109,"name":"Licensed Frozen Bike","description":"Voluptatem nulla similique. Eligendi voluptatem itaque doloribus magni rem ex autem. Quia et iure est laudantium laudantium perspiciatis.","price":"758.00","imageUrl":"http://lorempixel.com/640/480/fashion","quantity":58112},{"id":110,"name":"Small Fresh Ball","description":"Voluptatem et suscipit vel at iste unde sunt. Ut ea officiis modi qui quas. Vel reiciendis incidunt sit nostrum in qui. Quas sunt qui. Cum dicta blanditiis labore. Officiis nisi autem aut.","price":"677.00","imageUrl":"http://lorempixel.com/640/480/cats","quantity":10080},{"id":111,"name":"Awesome Plastic Fish","description":"Vitae et mollitia nisi et debitis. Vel facilis omnis. Dolorem odit minus praesentium.","price":"167.00","imageUrl":"http://lorempixel.com/640/480/transport","quantity":86116},{"id":112,"name":"Rustic Cotton Mouse","description":"Ad sequi quo expedita adipisci amet rerum distinctio. Est et aut tenetur et iste illum. Saepe doloremque qui fuga. Quia quam non optio fugit consequatur laborum perferendis eum vel.","price":"177.00","imageUrl":"http://lorempixel.com/640/480/city","quantity":45806},{"id":113,"name":"Tasty Plastic Tuna","description":"Ab eos rerum voluptatem et vel. Qui ut dolor et corporis ratione dolor sunt molestiae omnis. Dolores adipisci mollitia facilis qui odit nemo quia. Rerum qui molestias est harum iste error id voluptates. Beatae neque esse. Inventore tempore ipsum qui quia in.","price":"348.00","imageUrl":"http://lorempixel.com/640/480/city","quantity":17903},{"id":114,"name":"Handcrafted Granite Pizza","description":"Placeat earum eius. Animi cupiditate eligendi esse amet aliquid possimus repellat non. Et accusamus officia eos. Minima qui et assumenda reiciendis qui debitis.","price":"744.00","imageUrl":"http://lorempixel.com/640/480/fashion","quantity":49980},{"id":115,"name":"Refined Soft Soap","description":"Voluptas aut id ut quam qui vel distinctio. Sit id asperiores voluptas aut quisquam corporis id voluptate. Cum porro ut dolorem itaque voluptatibus quis minima.","price":"836.00","imageUrl":"http://lorempixel.com/640/480/cats","quantity":9385},{"id":116,"name":"Gorgeous Frozen Salad","description":"Totam id corrupti. Quis dolorum ducimus. Ut tempora non rerum sint dolores sunt est dolorum molestiae.","price":"479.00","imageUrl":"http://lorempixel.com/640/480/cats","quantity":2649},{"id":117,"name":"Practical Rubber Ball","description":"Id repudiandae velit beatae libero et sapiente et explicabo at. Et voluptates ad in. Molestiae sit iusto temporibus eos ex eligendi est. Consequuntur nesciunt quod necessitatibus fugiat nihil minus.","price":"59.00","imageUrl":"http://lorempixel.com/640/480/cats","quantity":64396},{"id":118,"name":"Tasty Wooden Shirt","description":"Accusantium deleniti exercitationem sapiente. Cupiditate aut omnis porro vero eligendi veritatis voluptatem debitis. Sit tempora quasi et nam porro. Sunt id doloribus.","price":"324.00","imageUrl":"http://lorempixel.com/640/480/abstract","quantity":13541},{"id":119,"name":"Refined Metal Chicken","description":"Ut consequuntur ut. Pariatur maiores officia nihil reprehenderit expedita et ad non. Sit voluptates magni provident. Quia veniam nihil iste sequi rerum deleniti saepe molestias. Reprehenderit et sed voluptas magnam ex eligendi ipsa nulla doloremque. Aut totam magnam impedit maiores ea.","price":"54.00","imageUrl":"http://lorempixel.com/640/480/nightlife","quantity":11202},{"id":120,"name":"Unbranded Fresh Shoes","description":"Nisi nobis id. Corrupti ea veritatis recusandae. Iure laboriosam ut dicta. Veritatis blanditiis mollitia libero quia laborum doloremque ex. Et voluptate nihil voluptatem.","price":"54.00","imageUrl":"http://lorempixel.com/640/480/technics","quantity":46495},{"id":121,"name":"Handmade Fresh Pants","description":"Quasi quam quae consequatur inventore. Quam sit aliquam dolores temporibus sed qui praesentium. Iusto qui doloremque molestias et sit voluptatem. Incidunt temporibus cupiditate iusto facilis est inventore.","price":"532.00","imageUrl":"http://lorempixel.com/640/480/nightlife","quantity":71673},{"id":122,"name":"Rustic Concrete Chicken","description":"Assumenda quis aliquam rerum quasi. Autem quaerat autem ab incidunt voluptates explicabo non maiores maxime. Et minus consequatur voluptas. Illo praesentium ipsa.","price":"419.00","imageUrl":"http://lorempixel.com/640/480/cats","quantity":97711},{"id":123,"name":"Generic Steel Gloves","description":"Officia eos incidunt omnis itaque. Aut ducimus voluptatum omnis.","price":"230.00","imageUrl":"http://lorempixel.com/640/480/fashion","quantity":99298},{"id":124,"name":"Sleek Metal Ball","description":"Consequatur qui dicta modi dicta debitis dolores sunt. Aliquam et quae vitae autem eligendi cumque voluptatem aut. Sit quibusdam dicta velit. Id aliquam quod.","price":"210.00","imageUrl":"http://lorempixel.com/640/480/nature","quantity":58555},{"id":125,"name":"Licensed Rubber Fish","description":"Deserunt ea repudiandae. Aspernatur exercitationem ipsum exercitationem commodi voluptatem. Non excepturi omnis et quod velit veniam. Iste id optio facilis eos velit ipsum dolores aut qui.","price":"536.00","imageUrl":"http://lorempixel.com/640/480/nightlife","quantity":1250},{"id":126,"name":"Intelligent Cotton Pizza","description":"Quia esse ut totam sit reiciendis pariatur ut. Consectetur quo omnis aliquam aut dolorem maxime nulla. Aut explicabo inventore ut aut omnis quas ipsam.","price":"700.00","imageUrl":"http://lorempixel.com/640/480/business","quantity":26577},{"id":127,"name":"Intelligent Concrete Shoes","description":"Placeat omnis quis. Sunt aut libero eum voluptatum quibusdam debitis voluptatem maxime.","price":"139.00","imageUrl":"http://lorempixel.com/640/480/technics","quantity":39591},{"id":128,"name":"Handcrafted Frozen Shoes","description":"Voluptatem necessitatibus facilis quos quo. Commodi repudiandae itaque voluptatem quasi itaque repudiandae. Sed laborum tenetur voluptatem qui distinctio deleniti tempore enim itaque. Molestiae neque nesciunt et veritatis molestiae.","price":"199.00","imageUrl":"http://lorempixel.com/640/480/business","quantity":67189},{"id":129,"name":"Rustic Cotton Sausages","description":"Autem quia nihil nisi inventore. Laudantium eum maiores. Qui ad amet asperiores et.","price":"241.00","imageUrl":"http://lorempixel.com/640/480/cats","quantity":70534},{"id":130,"name":"Handmade Plastic Sausages","description":"Sunt consequatur sit. Itaque culpa est.","price":"279.00","imageUrl":"http://lorempixel.com/640/480/abstract","quantity":30293},{"id":131,"name":"Fantastic Plastic Computer","description":"Laboriosam quidem beatae porro reiciendis et est veniam ut odit. Ut voluptatibus suscipit. Cum molestiae beatae qui neque maiores id molestiae nostrum. Ut voluptas consequatur. Magnam similique provident mollitia et eum est occaecati sit possimus. Est a placeat.","price":"47.00","imageUrl":"http://lorempixel.com/640/480/sports","quantity":48980},{"id":132,"name":"Sleek Soft Gloves","description":"Et rerum id at. Eos vel est distinctio. Sed voluptatem animi vitae enim omnis laboriosam sed nobis quia. Modi quo ut ipsam fuga sunt incidunt sunt ut. Et maxime vel perferendis impedit laudantium quaerat dignissimos.","price":"810.00","imageUrl":"http://lorempixel.com/640/480/people","quantity":22418},{"id":133,"name":"Generic Plastic Salad","description":"Totam ratione rem voluptate. Id rerum rerum laudantium accusantium reprehenderit exercitationem placeat. Nesciunt totam at voluptatem consequatur qui nulla ex qui suscipit. Qui commodi asperiores earum eum quasi sint quas dolores. Inventore eligendi voluptas et. Quia tempore assumenda vitae asperiores aperiam porro error ea quam.","price":"425.00","imageUrl":"http://lorempixel.com/640/480/food","quantity":62955},{"id":134,"name":"Incredible Granite Pants","description":"Adipisci sed eum delectus. Culpa illo libero minima cumque aut eligendi dolorem adipisci itaque. Aut fuga possimus. Doloremque in repellat deleniti quia. Molestiae fugit consectetur eum. Voluptatem delectus quam eveniet aut totam aliquam explicabo numquam.","price":"569.00","imageUrl":"http://lorempixel.com/640/480/fashion","quantity":18333},{"id":135,"name":"Handcrafted Granite Table","description":"Qui et et facere sunt explicabo molestias cumque est atque. Magnam ratione vero ratione officia iusto soluta. Voluptatibus doloribus deleniti nulla harum eos voluptates delectus eius. Voluptatum aut neque cupiditate.","price":"8.00","imageUrl":"http://lorempixel.com/640/480/technics","quantity":96877},{"id":136,"name":"Handcrafted Metal Chips","description":"In autem aliquam sit qui voluptatem sunt aspernatur dolorem doloremque. Ipsam commodi adipisci voluptatum error quod temporibus ut veniam iste. Natus occaecati ducimus possimus animi aut.","price":"808.00","imageUrl":"http://lorempixel.com/640/480/fashion","quantity":89033},{"id":137,"name":"Generic Wooden Gloves","description":"Consectetur sed corporis exercitationem dolor. Ut ducimus optio molestias quos sed alias mollitia. Delectus est autem.","price":"999.00","imageUrl":"http://lorempixel.com/640/480/nature","quantity":84297},{"id":138,"name":"Fantastic Frozen Chair","description":"Nobis et consequuntur aliquid. In rerum quo quia aliquid. Quis excepturi saepe deserunt sit asperiores consequatur perspiciatis.","price":"514.00","imageUrl":"http://lorempixel.com/640/480/transport","quantity":72990},{"id":139,"name":"Generic Soft Gloves","description":"Ipsam odio totam quia voluptatem. Quis quis dolorem voluptas molestiae velit debitis. Veritatis perferendis sunt possimus. Nobis et possimus cumque vel impedit quia doloribus. Ea necessitatibus beatae tempora.","price":"850.00","imageUrl":"http://lorempixel.com/640/480/abstract","quantity":93817},{"id":140,"name":"Awesome Steel Computer","description":"Velit voluptatibus assumenda dicta. Est repellat animi quisquam dolorum temporibus ex. Animi voluptatum culpa.","price":"302.00","imageUrl":"http://lorempixel.com/640/480/nature","quantity":92704},{"id":141,"name":"Small Granite Chicken","description":"Dolores saepe in ea quos ut itaque magnam deleniti in. Sint perferendis doloremque aperiam maxime adipisci et quis veritatis delectus. Eveniet et tempora qui qui facere officia.","price":"89.00","imageUrl":"http://lorempixel.com/640/480/abstract","quantity":17778},{"id":142,"name":"Awesome Plastic Chips","description":"Hic porro debitis expedita consequatur rerum minima omnis culpa quibusdam. Natus ut nesciunt. Est non maxime nostrum quod qui.","price":"253.00","imageUrl":"http://lorempixel.com/640/480/sports","quantity":46038},{"id":143,"name":"Practical Soft Soap","description":"Alias ut sed aliquam explicabo veniam repellat voluptatibus optio est. Et officia enim distinctio voluptate minima et. Ut magni maxime id. Sint tempore facilis iure non quod omnis doloribus sint.","price":"660.00","imageUrl":"http://lorempixel.com/640/480/transport","quantity":31475},{"id":144,"name":"Licensed Fresh Salad","description":"Ut vel ipsum harum qui ex aut. Deserunt et nam repellendus autem natus. Quidem adipisci eum sit reiciendis doloremque ut temporibus qui. Porro minima illo praesentium asperiores.","price":"592.00","imageUrl":"http://lorempixel.com/640/480/cats","quantity":11148},{"id":145,"name":"Fantastic Metal Shoes","description":"Excepturi ipsum praesentium et. Id excepturi qui sit modi animi quia illum. Amet vel doloribus dicta dolore quibusdam ipsum nesciunt est. Exercitationem optio delectus dignissimos. Ea sed qui.","price":"775.00","imageUrl":"http://lorempixel.com/640/480/nightlife","quantity":55978},{"id":146,"name":"Ergonomic Frozen Keyboard","description":"Rem ab assumenda aliquid nam eligendi et. Rerum animi reiciendis expedita totam excepturi voluptas doloremque.","price":"442.00","imageUrl":"http://lorempixel.com/640/480/animals","quantity":34353},{"id":147,"name":"Tasty Fresh Chair","description":"Suscipit et quis nisi asperiores voluptas quas eius explicabo. Qui deserunt vel qui distinctio incidunt et est minus. Et culpa corrupti et autem non. Sed qui ab cumque sed est et. Corrupti eligendi tempore laboriosam et et vitae. Non odit unde autem sint eos architecto.","price":"704.00","imageUrl":"http://lorempixel.com/640/480/city","quantity":99331},{"id":148,"name":"Licensed Plastic Shoes","description":"Ut ipsam quis adipisci eius id quia odit dolores eos. Officia molestiae quisquam labore incidunt pariatur. Voluptatem alias consequatur inventore qui.","price":"141.00","imageUrl":"http://lorempixel.com/640/480/sports","quantity":53842},{"id":149,"name":"Ergonomic Cotton Bike","description":"Aut molestiae et. Et eum id numquam ducimus aliquid. Veritatis perspiciatis aperiam. Officiis tempora ipsa aperiam nisi unde similique incidunt amet. Tempore libero laudantium autem vitae.","price":"84.00","imageUrl":"http://lorempixel.com/640/480/business","quantity":66841},{"id":150,"name":"Incredible Frozen Shoes","description":"Voluptatem quas nihil. Facere sequi est magni dolorem. Exercitationem dolorem voluptatem rem voluptas qui. Commodi id autem ut impedit reprehenderit nesciunt et eligendi. Nemo doloribus ut.","price":"640.00","imageUrl":"http://lorempixel.com/640/480/food","quantity":36714},{"id":151,"name":"Fantastic Metal Computer","description":"Possimus qui aperiam enim cum. Voluptatum at blanditiis. Sit alias facilis aut qui maiores. Qui ut et. Fuga id nobis magni reiciendis sint ea soluta.","price":"20.00","imageUrl":"http://lorempixel.com/640/480/city","quantity":27846},{"id":152,"name":"Intelligent Rubber Gloves","description":"Natus cupiditate et velit adipisci enim sit in. Sit non sed sequi omnis culpa cum.","price":"879.00","imageUrl":"http://lorempixel.com/640/480/fashion","quantity":12485},{"id":153,"name":"Intelligent Frozen Mouse","description":"Voluptatem maxime eum. Temporibus dolor tempora. Iste fuga vel incidunt quis tempora ut.","price":"402.00","imageUrl":"http://lorempixel.com/640/480/technics","quantity":36524},{"id":154,"name":"Licensed Steel Ball","description":"Quasi explicabo sed eius quo eum minus blanditiis temporibus itaque. Nobis officia natus quo quo eum amet est alias. Beatae quo incidunt numquam unde incidunt neque.","price":"814.00","imageUrl":"http://lorempixel.com/640/480/sports","quantity":3699},{"id":155,"name":"Practical Wooden Tuna","description":"Est sit ea qui sed saepe. Sed maxime voluptatum animi corporis cupiditate tenetur id facilis. A ea velit corrupti quia. Aut sunt ut aliquid cum est provident nam animi. Facere necessitatibus praesentium expedita. Eveniet consequatur quia sed maxime.","price":"511.00","imageUrl":"http://lorempixel.com/640/480/cats","quantity":41889},{"id":156,"name":"Small Granite Chair","description":"Deserunt voluptatem voluptatum voluptate nihil commodi iusto eum non aperiam. Nam enim explicabo similique. Odio nulla aut porro nam eligendi ut.","price":"919.00","imageUrl":"http://lorempixel.com/640/480/city","quantity":53652},{"id":157,"name":"Licensed Fresh Tuna","description":"Culpa impedit autem magnam quis corporis. Iusto voluptatum doloremque quis doloribus aut quidem ut beatae quis. Ea assumenda repellat explicabo voluptatem rem voluptate. Asperiores est minus doloremque deleniti iure aliquam eos.","price":"908.00","imageUrl":"http://lorempixel.com/640/480/business","quantity":94524},{"id":158,"name":"Unbranded Cotton Soap","description":"Saepe iure dolorem. Minima dolorem ex temporibus recusandae placeat rem ratione laudantium. Et quia eum non tenetur velit asperiores laboriosam quibusdam ut.","price":"667.00","imageUrl":"http://lorempixel.com/640/480/business","quantity":11515},{"id":159,"name":"Fantastic Fresh Pants","description":"Vitae vero rerum est expedita. Hic tempore accusamus placeat quidem. Non qui delectus ea molestiae distinctio quo architecto. Accusantium exercitationem tempora dicta rem reprehenderit et deleniti nostrum. Amet numquam nisi qui pariatur ex et quis. Iste aspernatur consequuntur officiis eos consequatur aperiam.","price":"168.00","imageUrl":"http://lorempixel.com/640/480/abstract","quantity":4485},{"id":160,"name":"Incredible Plastic Table","description":"Voluptate suscipit omnis dignissimos iure. Voluptates magnam voluptatibus non aut vel optio in.","price":"421.00","imageUrl":"http://lorempixel.com/640/480/food","quantity":77162},{"id":161,"name":"Incredible Frozen Chips","description":"Dolores sed voluptas vitae perferendis maiores eaque velit deserunt. Consequatur itaque et occaecati accusamus. Non cupiditate illo alias accusamus distinctio quo sunt nulla. Dolorem dolorem magnam aut eum rerum repellat voluptas. Magni eius error velit quasi iste necessitatibus illum possimus.","price":"145.00","imageUrl":"http://lorempixel.com/640/480/people","quantity":81871},{"id":162,"name":"Gorgeous Plastic Sausages","description":"Est magnam est. Ad quia placeat non excepturi qui dolor eum explicabo molestiae. Sint consectetur officiis quia rerum facere itaque. Officiis velit aut velit. Voluptatum id debitis et non.","price":"227.00","imageUrl":"http://lorempixel.com/640/480/animals","quantity":35240},{"id":163,"name":"Intelligent Cotton Bike","description":"Nesciunt accusantium similique sed hic atque similique ut. Corrupti aliquid sint. Atque maxime occaecati minima distinctio culpa quod eum a ratione. Quia maiores quis.","price":"724.00","imageUrl":"http://lorempixel.com/640/480/animals","quantity":31055},{"id":164,"name":"Small Concrete Cheese","description":"Sunt doloribus dignissimos suscipit quisquam. Autem praesentium aut perspiciatis nemo cupiditate aliquam. Inventore qui omnis dicta officiis voluptate nesciunt dignissimos.","price":"917.00","imageUrl":"http://lorempixel.com/640/480/city","quantity":8322},{"id":165,"name":"Sleek Metal Hat","description":"Consequatur incidunt qui voluptate et doloremque non ullam reiciendis. Dolor voluptatum dolore ut sequi architecto corrupti maiores voluptatem perspiciatis. Et voluptatibus laudantium laboriosam facere perspiciatis velit. Cum voluptatem voluptas ex et.","price":"906.00","imageUrl":"http://lorempixel.com/640/480/cats","quantity":74367},{"id":166,"name":"Refined Frozen Cheese","description":"Enim assumenda ex et neque amet aut sequi. Magnam nulla qui laboriosam itaque nam expedita eos. Eum voluptatum quae et ipsa in dignissimos eum occaecati corrupti.","price":"800.00","imageUrl":"http://lorempixel.com/640/480/abstract","quantity":88879},{"id":167,"name":"Handmade Rubber Fish","description":"Minima illo esse et sint. Nostrum est cumque consequatur consequatur.","price":"943.00","imageUrl":"http://lorempixel.com/640/480/city","quantity":79458},{"id":168,"name":"Licensed Wooden Mouse","description":"Ea et dolor quia eaque ut architecto et. Officiis voluptatibus quis vel id suscipit saepe rem itaque. Quo ut aut nostrum qui et vel. Omnis nemo occaecati et et dolor ut.","price":"308.00","imageUrl":"http://lorempixel.com/640/480/food","quantity":58587},{"id":169,"name":"Fantastic Soft Tuna","description":"Et nam eligendi optio consequatur rerum quas. Repudiandae quas voluptates. Vel commodi quam mollitia. Aut cupiditate aliquid id sint recusandae debitis. Nobis quia omnis.","price":"550.00","imageUrl":"http://lorempixel.com/640/480/people","quantity":58921},{"id":170,"name":"Fantastic Metal Hat","description":"Sunt et voluptas quo distinctio dignissimos. Voluptatem voluptatibus exercitationem qui accusamus tenetur quis. Sit aliquam praesentium sit ipsum molestiae voluptatem magnam corporis tempore.","price":"133.00","imageUrl":"http://lorempixel.com/640/480/transport","quantity":27326},{"id":171,"name":"Intelligent Plastic Gloves","description":"Et qui delectus et et non temporibus numquam sit. Dolorem ut nemo corrupti consequatur cupiditate impedit.","price":"942.00","imageUrl":"http://lorempixel.com/640/480/animals","quantity":5703},{"id":172,"name":"Rustic Frozen Pizza","description":"Sed itaque necessitatibus. Voluptate magnam qui sed odit. Officiis impedit quaerat occaecati laboriosam dolore. Provident et neque maiores sunt laboriosam reprehenderit autem est excepturi. Dolorem provident cumque iure officiis error eos corporis accusantium voluptas.","price":"308.00","imageUrl":"http://lorempixel.com/640/480/cats","quantity":90289},{"id":173,"name":"Fantastic Metal Towels","description":"Atque aut rerum eos reprehenderit molestiae. Iste molestiae perspiciatis dicta. Repellendus aspernatur quia sed deserunt. Error porro odit deleniti.","price":"395.00","imageUrl":"http://lorempixel.com/640/480/city","quantity":54222},{"id":174,"name":"Fantastic Soft Salad","description":"Reiciendis sint inventore vel non sit dolores officiis perspiciatis dicta. Culpa molestiae id sint. Eum unde at facilis earum sed at repellendus. Enim nihil quia ut nihil. Necessitatibus harum et nostrum ex in et non qui voluptas.","price":"852.00","imageUrl":"http://lorempixel.com/640/480/food","quantity":4700},{"id":175,"name":"Rustic Cotton Bacon","description":"Sunt aut aperiam qui. Atque et qui. Et voluptatem possimus totam. Odit aut rerum sit iste. Eaque mollitia ratione velit. Molestias hic quia eos aperiam inventore illum in.","price":"174.00","imageUrl":"http://lorempixel.com/640/480/abstract","quantity":38523},{"id":176,"name":"Handmade Steel Cheese","description":"Exercitationem optio commodi. Optio est architecto nesciunt blanditiis voluptatem sunt qui facere.","price":"855.00","imageUrl":"http://lorempixel.com/640/480/city","quantity":81563},{"id":177,"name":"Fantastic Steel Chair","description":"Sint est nemo quae rerum qui exercitationem deserunt. Quo et exercitationem ipsam perspiciatis enim sed. Tempora tempore minus maiores et aspernatur cupiditate.","price":"861.00","imageUrl":"http://lorempixel.com/640/480/cats","quantity":27739},{"id":178,"name":"Fantastic Soft Bacon","description":"Sed reprehenderit vitae nemo. Consequatur ducimus dolorum. Nesciunt officia voluptas tempore ut sunt. Qui quasi repellat rem id dolorem reprehenderit et. Cumque qui et nisi excepturi et magnam ipsam deleniti rerum.","price":"698.00","imageUrl":"http://lorempixel.com/640/480/technics","quantity":73670},{"id":179,"name":"Intelligent Plastic Soap","description":"Occaecati voluptatibus atque. Ipsa quam dignissimos labore sunt corporis dignissimos. Soluta non incidunt quia quasi facilis suscipit et vel harum. Quaerat sint aliquam et.","price":"349.00","imageUrl":"http://lorempixel.com/640/480/nightlife","quantity":29913},{"id":180,"name":"Handmade Plastic Salad","description":"Ipsa nihil sapiente laboriosam laboriosam corporis. Voluptatem rerum dolorum.","price":"473.00","imageUrl":"http://lorempixel.com/640/480/nature","quantity":18227},{"id":181,"name":"Incredible Steel Chair","description":"Sit dolorum ut iusto illo expedita laudantium sed adipisci iusto. Et repellendus saepe suscipit vel ut.","price":"177.00","imageUrl":"http://lorempixel.com/640/480/animals","quantity":9473},{"id":182,"name":"Fantastic Steel Chicken","description":"In quia perspiciatis expedita. Rerum non omnis. Odio asperiores illum deserunt. In beatae sed tenetur. Ad ipsa saepe ducimus cumque.","price":"423.00","imageUrl":"http://lorempixel.com/640/480/fashion","quantity":46428},{"id":183,"name":"Awesome Rubber Chips","description":"Aut natus id sit est totam. Exercitationem unde rerum dolorem neque doloremque omnis.","price":"298.00","imageUrl":"http://lorempixel.com/640/480/technics","quantity":5191},{"id":184,"name":"Small Plastic Bacon","description":"In inventore pariatur sequi repellendus debitis esse molestiae sed. Quasi perspiciatis voluptate et fuga aut reprehenderit quas. Vel repudiandae voluptatem quisquam qui sapiente id. Ut quia voluptatem consequatur nostrum aut. Eos ut illum tenetur veniam pariatur at et delectus. Ex quia dolorum ea consequatur iste qui.","price":"758.00","imageUrl":"http://lorempixel.com/640/480/cats","quantity":227},{"id":185,"name":"Practical Rubber Chicken","description":"Sint est aut explicabo ut sint labore hic iure nisi. A tenetur ut reiciendis ut perferendis et dolores sunt veniam. Sit eveniet sed praesentium est nulla. Perspiciatis quo et sint perferendis. Amet dolore iusto error assumenda voluptatem rem rem consequatur adipisci.","price":"517.00","imageUrl":"http://lorempixel.com/640/480/cats","quantity":47525},{"id":186,"name":"Fantastic Soft Hat","description":"Est at laudantium deleniti sit impedit recusandae ullam iste est. Et iste et possimus magnam qui nobis quia minima. Impedit corrupti est quod unde aspernatur unde velit est. Vel pariatur quam occaecati velit consequuntur.","price":"738.00","imageUrl":"http://lorempixel.com/640/480/abstract","quantity":40030},{"id":187,"name":"Small Cotton Cheese","description":"Corporis hic fugit maiores eos tenetur sit doloribus et. Laboriosam deserunt placeat rerum consequatur praesentium et vel.","price":"251.00","imageUrl":"http://lorempixel.com/640/480/cats","quantity":47857},{"id":188,"name":"Awesome Steel Fish","description":"Occaecati libero aut veritatis. Corrupti quis et voluptas. Eius qui quo qui. Tempora minima dicta inventore nesciunt sit et eos. Debitis repellendus dolores deleniti debitis sit.","price":"70.00","imageUrl":"http://lorempixel.com/640/480/abstract","quantity":62771},{"id":189,"name":"Intelligent Granite Computer","description":"Magnam quas ab modi facilis officiis. Voluptate earum deleniti ut nostrum eum sequi enim. Omnis molestias eum beatae esse debitis voluptatibus itaque enim magnam.","price":"75.00","imageUrl":"http://lorempixel.com/640/480/nightlife","quantity":91990},{"id":190,"name":"Intelligent Fresh Keyboard","description":"Voluptate reprehenderit sapiente. Nemo repellendus rerum aspernatur non. Laboriosam et nemo quisquam modi itaque omnis aspernatur dolores.","price":"564.00","imageUrl":"http://lorempixel.com/640/480/people","quantity":15013},{"id":191,"name":"Generic Wooden Table","description":"Omnis sed modi. Ut provident voluptas magnam eum quo dicta. Dolorum id quod alias a qui iusto incidunt et. Et et quis recusandae. Minima similique sunt doloribus est at quam incidunt.","price":"277.00","imageUrl":"http://lorempixel.com/640/480/sports","quantity":59709},{"id":192,"name":"Unbranded Cotton Keyboard","description":"Aut dolorem qui nesciunt maxime sint. Explicabo sed rem consequatur iusto. Dolores quis quia ipsum accusamus qui eos. Tempora a tempore saepe. Qui commodi ex. Maxime dolor labore laboriosam totam eveniet autem.","price":"23.00","imageUrl":"http://lorempixel.com/640/480/transport","quantity":68892},{"id":193,"name":"Ergonomic Metal Table","description":"Veniam nesciunt eius et. Nam ullam laudantium. Praesentium nihil voluptas vitae dolor temporibus. Voluptas voluptas dolorum culpa necessitatibus unde recusandae. Tempore itaque blanditiis consequuntur qui officia consequatur inventore doloremque corrupti.","price":"67.00","imageUrl":"http://lorempixel.com/640/480/nightlife","quantity":86596},{"id":194,"name":"Generic Granite Car","description":"Et iste et dolorem molestiae eum facere ullam quibusdam. Illum rerum cumque perferendis quia dignissimos consequatur. Sed fugit alias est impedit alias qui sed necessitatibus.","price":"338.00","imageUrl":"http://lorempixel.com/640/480/transport","quantity":64629},{"id":195,"name":"Awesome Plastic Pants","description":"Repudiandae excepturi totam. Repellat aliquid sit non nesciunt. Quia qui ut quo. Ducimus quos ex accusamus harum nostrum aut.","price":"832.00","imageUrl":"http://lorempixel.com/640/480/fashion","quantity":89649},{"id":196,"name":"Intelligent Metal Chips","description":"Beatae illum qui totam qui qui corporis. Nam eligendi nam modi non quo quo vitae neque. Exercitationem repellat occaecati nostrum sit libero sit fugit dicta tempora. Provident placeat dolorem et consequatur unde placeat nihil sapiente minima.","price":"371.00","imageUrl":"http://lorempixel.com/640/480/business","quantity":3258},{"id":197,"name":"Licensed Steel Fish","description":"Dolores sit autem ut quia eligendi ipsam odit qui consequuntur. Quo voluptatum et itaque ullam.","price":"465.00","imageUrl":"http://lorempixel.com/640/480/business","quantity":33609},{"id":198,"name":"Handmade Metal Pants","description":"Deserunt sed non qui quia est quos dignissimos et. Occaecati magni consequuntur qui exercitationem magnam rerum iusto voluptas.","price":"842.00","imageUrl":"http://lorempixel.com/640/480/technics","quantity":48477},{"id":199,"name":"Ergonomic Frozen Gloves","description":"Delectus ad sed est consequatur velit. Explicabo vero debitis animi et enim minima architecto nihil quod. Ab facere earum maiores voluptatem et eligendi. Accusantium sequi dolore aut amet nam et. Hic qui odio maxime consequatur tenetur tenetur eligendi rem perferendis. Quis et officia a id amet autem nihil voluptatem.","price":"401.00","imageUrl":"http://lorempixel.com/640/480/transport","quantity":88781},{"id":200,"name":"Generic Concrete Gloves","description":"Voluptate sit quod nemo. Eligendi sed quis. Rerum sunt quas corporis eveniet laborum excepturi. Cupiditate voluptate ratione ducimus explicabo. Doloribus accusantium in enim vitae itaque. Illo excepturi harum quasi sapiente.","price":"818.00","imageUrl":"http://lorempixel.com/640/480/business","quantity":79882},{"id":201,"name":"Handmade Steel Gloves","description":"Unde officiis cupiditate magni. Nobis voluptas distinctio esse suscipit corporis ullam repudiandae eius. Ipsam quibusdam et quisquam voluptas.","price":"595.00","imageUrl":"http://lorempixel.com/640/480/cats","quantity":64759},{"id":202,"name":"Generic Granite Chips","description":"Nesciunt harum accusantium est. Optio quasi veniam et laboriosam. Officiis qui quo tenetur qui ut aut ullam. Aut quia dolorem.","price":"463.00","imageUrl":"http://lorempixel.com/640/480/abstract","quantity":25028},{"id":203,"name":"Incredible Concrete Hat","description":"Iure odio doloremque repellat soluta. Dolorem error ea tempore consectetur facere et inventore quo. Explicabo aliquam sunt. Libero animi et error in est architecto mollitia velit. Qui in dolores facilis.","price":"815.00","imageUrl":"http://lorempixel.com/640/480/people","quantity":31003},{"id":204,"name":"Intelligent Metal Keyboard","description":"Quo facere quos necessitatibus harum voluptatem nulla voluptas. Voluptatem nihil consequatur ducimus nemo est. Provident et minus in qui quaerat voluptatem voluptatem quia. Est voluptatem sint est aliquam. Ducimus ut ut. Beatae a eveniet beatae et veritatis.","price":"699.00","imageUrl":"http://lorempixel.com/640/480/business","quantity":93671},{"id":205,"name":"Refined Soft Chicken","description":"Rem numquam est perferendis aut. Enim eum ea tempora sit et molestias reiciendis.","price":"202.00","imageUrl":"http://lorempixel.com/640/480/people","quantity":64268},{"id":206,"name":"Unbranded Plastic Salad","description":"Tempora quaerat eos nostrum dolores rerum. Totam laboriosam officia aut quisquam iusto consequatur vel. Neque magni voluptatem nam quod veritatis. Suscipit ullam aspernatur vel.","price":"856.00","imageUrl":"http://lorempixel.com/640/480/business","quantity":76285},{"id":207,"name":"Small Rubber Shoes","description":"Ea accusamus aperiam. Deleniti unde harum fugiat ea eos eveniet. Repellat possimus natus vitae blanditiis aut.","price":"895.00","imageUrl":"http://lorempixel.com/640/480/sports","quantity":66812},{"id":208,"name":"Practical Plastic Cheese","description":"Autem soluta minima. Dolorem non ipsum adipisci est impedit dicta. Qui nemo fugiat consequuntur reprehenderit libero quibusdam sint. Ut tempore tempore amet.","price":"804.00","imageUrl":"http://lorempixel.com/640/480/cats","quantity":4844},{"id":209,"name":"Small Fresh Car","description":"In quibusdam earum in voluptates totam deleniti. Voluptate necessitatibus id consequatur est optio commodi et. Sed quia a et excepturi temporibus a doloremque. Omnis quas rem reprehenderit sunt ullam. Nemo sequi suscipit at officia ipsam laudantium repellendus. At harum inventore quia et eum et provident.","price":"124.00","imageUrl":"http://lorempixel.com/640/480/abstract","quantity":85226},{"id":210,"name":"Ergonomic Concrete Sausages","description":"Fugiat officiis vero in debitis aut maiores aperiam dolor pariatur. Et eligendi sit ipsa aliquam quis. Dolorum et veritatis hic quia dolore quia. Sed et voluptatem fugiat et vero placeat voluptatem. Aspernatur laborum accusantium ut magni excepturi consequatur similique.","price":"757.00","imageUrl":"http://lorempixel.com/640/480/animals","quantity":21826},{"id":211,"name":"Refined Metal Hat","description":"Vel aspernatur dignissimos quo ex qui ut ea suscipit earum. Harum ut quia recusandae repudiandae iste illo sit. Laudantium excepturi non dolorem. Accusantium voluptatem labore aut adipisci reiciendis.","price":"759.00","imageUrl":"http://lorempixel.com/640/480/people","quantity":71696},{"id":212,"name":"Unbranded Granite Shirt","description":"Dicta inventore cupiditate recusandae et rerum quis aut. Doloribus qui nostrum saepe ipsam aliquam neque id repellendus. Ut pariatur maiores voluptatem sunt. Et quasi qui et fugit rem omnis dicta aut.","price":"565.00","imageUrl":"http://lorempixel.com/640/480/nature","quantity":36889},{"id":213,"name":"Gorgeous Rubber Car","description":"Sunt eum architecto explicabo labore ut quod. Tempora assumenda qui illo est rerum.","price":"271.00","imageUrl":"http://lorempixel.com/640/480/sports","quantity":61369},{"id":214,"name":"Fantastic Granite Keyboard","description":"Error quidem magnam et. Nam officia omnis quam odio maiores aspernatur quod ea.","price":"157.00","imageUrl":"http://lorempixel.com/640/480/food","quantity":63076},{"id":215,"name":"Tasty Cotton Mouse","description":"Ipsum omnis ex et aut et ut aliquam. Ad expedita autem et repudiandae. Voluptas sequi sit voluptatibus. Qui est delectus corporis suscipit maxime distinctio iure magnam quis.","price":"472.00","imageUrl":"http://lorempixel.com/640/480/transport","quantity":30669},{"id":216,"name":"Licensed Granite Computer","description":"Eaque at earum quod soluta. Ut fuga quae qui laborum. Quibusdam eos animi dignissimos omnis et qui. Laborum provident aut similique rerum.","price":"225.00","imageUrl":"http://lorempixel.com/640/480/people","quantity":9866},{"id":217,"name":"Licensed Plastic Shirt","description":"Nihil id omnis sit dicta aliquid sed tenetur at. Dicta vel et voluptas consequatur. Numquam ut molestiae odio eos. Ex laboriosam itaque nostrum ducimus fuga suscipit necessitatibus illo rem.","price":"77.00","imageUrl":"http://lorempixel.com/640/480/technics","quantity":98007},{"id":218,"name":"Incredible Cotton Bacon","description":"Rem sit eligendi. Quam quia rerum soluta tempore autem voluptas voluptates. Aut atque aut vero accusamus. Amet corrupti vel dignissimos voluptatem tempore.","price":"659.00","imageUrl":"http://lorempixel.com/640/480/cats","quantity":9994},{"id":219,"name":"Generic Granite Hat","description":"Corporis consequatur aut voluptatem tempora blanditiis. Nihil consequuntur dolorum hic ut quia ad id cum quibusdam. Ut quia et repellendus in est.","price":"369.00","imageUrl":"http://lorempixel.com/640/480/nature","quantity":71802},{"id":220,"name":"Handcrafted Concrete Shirt","description":"Neque dolore quis. Non culpa sequi corrupti est. Et perspiciatis eum in.","price":"559.00","imageUrl":"http://lorempixel.com/640/480/people","quantity":31780},{"id":221,"name":"Handcrafted Rubber Pizza","description":"Qui dolores id eum et eos quam non. Quam sequi consequuntur. Exercitationem possimus fugiat et non exercitationem sunt. Et mollitia cumque repudiandae. Similique illum eos nemo tempora et voluptas nam.","price":"392.00","imageUrl":"http://lorempixel.com/640/480/food","quantity":55946},{"id":222,"name":"Generic Wooden Soap","description":"Explicabo soluta quia nihil vero ad. Nisi est eaque aut nulla. Saepe officia sunt autem possimus officia quis recusandae consequatur. Eos praesentium iure et.","price":"925.00","imageUrl":"http://lorempixel.com/640/480/abstract","quantity":547},{"id":223,"name":"Fantastic Rubber Car","description":"Facilis dolorum odio non sequi accusantium sed non et culpa. Consectetur porro autem in quis. Optio aut cumque sed consequatur. Vitae sit dolores voluptatem ut ad et delectus qui. Adipisci voluptas saepe minima incidunt accusantium delectus officia voluptatem rerum. In nulla minima rerum et neque occaecati dolorem aut vel.","price":"603.00","imageUrl":"http://lorempixel.com/640/480/nightlife","quantity":29504},{"id":224,"name":"Generic Metal Salad","description":"Et eveniet dicta assumenda. Repudiandae molestias harum consectetur iure itaque iste repudiandae.","price":"394.00","imageUrl":"http://lorempixel.com/640/480/animals","quantity":26796},{"id":225,"name":"Incredible Concrete Bacon","description":"Neque amet rem in ut et. Culpa quia error qui soluta. Adipisci eligendi necessitatibus blanditiis itaque impedit odio molestiae deserunt assumenda. Placeat doloremque ipsam soluta distinctio eligendi non qui expedita. Architecto asperiores et ut unde consequatur ut.","price":"309.00","imageUrl":"http://lorempixel.com/640/480/city","quantity":64328},{"id":226,"name":"Handcrafted Soft Shoes","description":"Aut in distinctio dolores occaecati eos. Reprehenderit velit inventore qui sit ut.","price":"440.00","imageUrl":"http://lorempixel.com/640/480/technics","quantity":51173},{"id":227,"name":"Ergonomic Concrete Hat","description":"Consequatur ea ratione inventore autem ut. Ea iste cum culpa sunt delectus rerum. Et quidem dolorem commodi. Fuga labore eveniet iusto laboriosam ipsum incidunt.","price":"439.00","imageUrl":"http://lorempixel.com/640/480/sports","quantity":35736},{"id":228,"name":"Incredible Plastic Gloves","description":"Explicabo nihil at praesentium odit odio sunt commodi. Minus non consequatur id minima recusandae. Enim harum nemo. Earum aut reiciendis eum quia rerum. Nesciunt sit qui nihil nulla consequatur dolorem illo corrupti. Commodi dolorum soluta reiciendis delectus est id.","price":"790.00","imageUrl":"http://lorempixel.com/640/480/city","quantity":1626},{"id":229,"name":"Fantastic Metal Table","description":"Omnis qui aut ut sunt expedita officiis. Nihil facere harum dolores blanditiis adipisci perferendis. Iure quas sint est quas fugiat repellendus atque.","price":"140.00","imageUrl":"http://lorempixel.com/640/480/technics","quantity":46625},{"id":230,"name":"Handmade Granite Computer","description":"Aut et in. Sequi qui eum. Eos excepturi quo corporis. Quod assumenda nulla harum qui laborum. Quia voluptates dolorem sed molestiae quidem.","price":"179.00","imageUrl":"http://lorempixel.com/640/480/sports","quantity":3443},{"id":231,"name":"Rustic Soft Chair","description":"Voluptatum et sit soluta qui qui. Dolorem nam unde dicta doloremque dolores. Voluptatem odio recusandae odit repellat hic aut blanditiis ut expedita. Harum libero aut animi impedit. Labore dolores mollitia voluptatem eveniet iure quia. Ad sed mollitia aut ad.","price":"364.00","imageUrl":"http://lorempixel.com/640/480/city","quantity":40504},{"id":232,"name":"Intelligent Metal Computer","description":"Rerum maiores itaque eveniet. Iusto voluptate dicta iusto excepturi autem pariatur et dolor.","price":"930.00","imageUrl":"http://lorempixel.com/640/480/sports","quantity":7701},{"id":233,"name":"Handcrafted Metal Soap","description":"Fugiat esse odit ut quidem rem omnis. Adipisci eos dolorem eius numquam.","price":"586.00","imageUrl":"http://lorempixel.com/640/480/cats","quantity":59210},{"id":234,"name":"Licensed Frozen Pants","description":"Ut molestias qui tempore eos qui consequatur et illum. Ullam molestiae rerum sit iusto officia voluptas. Ut recusandae voluptas impedit earum est aut possimus iste. Omnis repellendus consequatur omnis libero officiis dolor. Ex autem vel beatae expedita eum. Voluptatibus ipsam dicta perferendis molestiae rerum omnis illum rerum.","price":"149.00","imageUrl":"http://lorempixel.com/640/480/food","quantity":85766},{"id":235,"name":"Handcrafted Wooden Cheese","description":"Quis hic maxime nostrum debitis cumque fugiat error sunt. Aliquam animi quam omnis ut id rerum animi vel. Quia sed mollitia dolorem quia facere qui. Officia dolore aliquam. Qui magnam maxime eos eum eos officia ipsam pariatur. Assumenda amet eaque voluptatum debitis quam numquam adipisci.","price":"480.00","imageUrl":"http://lorempixel.com/640/480/sports","quantity":60100},{"id":236,"name":"Incredible Granite Car","description":"Voluptas nam nostrum quo eum pariatur et in quae. Qui temporibus qui est sint nihil.","price":"518.00","imageUrl":"http://lorempixel.com/640/480/business","quantity":92210},{"id":237,"name":"Gorgeous Soft Fish","description":"Totam molestiae occaecati natus explicabo ducimus illum. A dolor sit illum dolorem iure. Sapiente commodi animi odio aut itaque odio a. Rerum cumque velit dolores accusantium ut alias repellat dicta. Culpa dicta ut earum non perferendis accusamus dignissimos deserunt. Laudantium nihil aut non soluta et numquam dolorum.","price":"46.00","imageUrl":"http://lorempixel.com/640/480/transport","quantity":95913},{"id":238,"name":"Ergonomic Plastic Chair","description":"Numquam hic nesciunt. Consequatur voluptatem minus quia. Vitae corporis voluptates. Ut qui optio.","price":"120.00","imageUrl":"http://lorempixel.com/640/480/cats","quantity":44313},{"id":239,"name":"Incredible Steel Mouse","description":"Quam dolorum ex enim quo ipsum et eius ducimus. Odio praesentium consequatur.","price":"866.00","imageUrl":"http://lorempixel.com/640/480/technics","quantity":85875},{"id":240,"name":"Licensed Fresh Computer","description":"Sunt suscipit eveniet. Nostrum doloremque incidunt.","price":"377.00","imageUrl":"http://lorempixel.com/640/480/animals","quantity":77964},{"id":241,"name":"Handcrafted Wooden Ball","description":"Consequatur ipsam sed facilis. Eligendi voluptatibus neque voluptatum impedit vitae qui perspiciatis aspernatur pariatur. Deleniti a a. Accusantium cupiditate assumenda est officiis ipsum. Consequatur aperiam dolorem repellat maiores fugit molestias quas quam. Dolorem eligendi dolorem amet.","price":"709.00","imageUrl":"http://lorempixel.com/640/480/cats","quantity":24177},{"id":242,"name":"Awesome Rubber Car","description":"Id id nulla. Debitis fugiat iste quia labore cumque iure perspiciatis at. Expedita et magni ut quos dolores enim reiciendis. Et aut quia consequatur similique est officia praesentium dolor excepturi.","price":"162.00","imageUrl":"http://lorempixel.com/640/480/nature","quantity":12452},{"id":243,"name":"Incredible Granite Car","description":"Alias quod est possimus occaecati deserunt atque amet sed. Ab distinctio alias veniam sed. Dolorem quaerat alias distinctio ducimus at est voluptas nostrum. Quo placeat quia suscipit id ut. Consequatur totam aut qui nihil error.","price":"252.00","imageUrl":"http://lorempixel.com/640/480/abstract","quantity":25514},{"id":244,"name":"Handmade Soft Computer","description":"Sit tempore minima impedit animi quia. Voluptas voluptatem cupiditate ea. Quis temporibus sed dolorem in eos et commodi eum.","price":"393.00","imageUrl":"http://lorempixel.com/640/480/food","quantity":21741},{"id":245,"name":"Intelligent Metal Cheese","description":"Ad qui aut sit consequatur necessitatibus qui. Voluptas tenetur adipisci accusamus in sit laboriosam. Incidunt eligendi earum consequatur consequatur asperiores at culpa. Et esse rerum cupiditate ut est minima.","price":"885.00","imageUrl":"http://lorempixel.com/640/480/abstract","quantity":39751},{"id":246,"name":"Rustic Steel Keyboard","description":"Magni ab aliquid. Consectetur voluptas incidunt cum debitis odio adipisci. Qui dolor velit aperiam totam tenetur officia ut reprehenderit sapiente. Voluptas necessitatibus ut libero ex dolor. A voluptate ipsam ea ea. Dolorum hic beatae veniam deserunt qui.","price":"201.00","imageUrl":"http://lorempixel.com/640/480/business","quantity":28511},{"id":247,"name":"Refined Soft Chips","description":"Repellat et odio qui. Asperiores consectetur repudiandae repudiandae id fugiat nihil.","price":"943.00","imageUrl":"http://lorempixel.com/640/480/food","quantity":56836},{"id":248,"name":"Tasty Frozen Sausages","description":"Ut ut dolores aliquid voluptatibus delectus. Quasi exercitationem est vero qui delectus eaque consequatur. Aut inventore aut eum est. Quisquam at necessitatibus voluptatem quasi. Sed quos provident ut consequuntur et voluptas ut non voluptas.","price":"464.00","imageUrl":"http://lorempixel.com/640/480/transport","quantity":56612},{"id":249,"name":"Ergonomic Wooden Chicken","description":"Saepe occaecati corporis officiis. Rerum aliquam et quia velit voluptate est voluptatem molestias. Assumenda deleniti qui eos rerum itaque ut ad corrupti animi. Non autem voluptatem earum quisquam. Sint omnis repudiandae ipsam. Placeat rerum voluptas.","price":"925.00","imageUrl":"http://lorempixel.com/640/480/food","quantity":84078},{"id":250,"name":"Tasty Fresh Ball","description":"Non aut qui dolor commodi consequuntur perferendis ipsum at. Nobis eligendi et voluptatum minus corrupti quos autem.","price":"624.00","imageUrl":"http://lorempixel.com/640/480/city","quantity":43220},{"id":251,"name":"Sleek Metal Computer","description":"Eius qui aut fugit nemo. Tempore ut voluptatem ut.","price":"282.00","imageUrl":"http://lorempixel.com/640/480/people","quantity":96417},{"id":252,"name":"Practical Frozen Bacon","description":"Quo dolor dolorem aliquam. Ullam doloremque aut tempora sed quo provident sit dolores. Sit iste provident ut maiores laborum. Necessitatibus nesciunt ullam deleniti totam quo. Sunt sapiente quo dicta voluptatem unde.","price":"958.00","imageUrl":"http://lorempixel.com/640/480/abstract","quantity":86414},{"id":253,"name":"Practical Plastic Car","description":"Dolorem totam dolorem asperiores et doloribus qui voluptatem natus. Doloribus quia iste dolor quis.","price":"586.00","imageUrl":"http://lorempixel.com/640/480/business","quantity":43518},{"id":254,"name":"Handcrafted Wooden Tuna","description":"Aut vitae provident consequuntur quos pariatur. Consequatur rerum nemo. Magnam omnis eveniet sit eaque. Dignissimos officiis aperiam veritatis fugiat fuga magnam et quia consectetur. Accusantium nihil et et architecto.","price":"949.00","imageUrl":"http://lorempixel.com/640/480/nature","quantity":9858},{"id":255,"name":"Handcrafted Metal Sausages","description":"Et nihil in optio est in quo harum. Et odit accusantium a. Est ea maxime est non sed repellendus ducimus delectus non. Voluptas non qui et nam. Laboriosam ipsa quo. Molestiae ea reprehenderit est.","price":"538.00","imageUrl":"http://lorempixel.com/640/480/nature","quantity":35054},{"id":256,"name":"Incredible Fresh Cheese","description":"Quia unde libero sunt quibusdam rem consequatur at expedita. Architecto impedit qui quos et eius repellat enim aut eaque. Aut atque nulla vel eos aspernatur voluptates. Unde ut cupiditate.","price":"149.00","imageUrl":"http://lorempixel.com/640/480/food","quantity":93044},{"id":257,"name":"Handcrafted Steel Tuna","description":"Magnam voluptatibus dolorum commodi soluta. Aspernatur ut atque esse. Sint iste magni quam. Dignissimos repellat autem.","price":"142.00","imageUrl":"http://lorempixel.com/640/480/cats","quantity":50430},{"id":258,"name":"Handmade Metal Tuna","description":"Quaerat et ea fugiat accusantium veniam et porro sed. Dolor perferendis et. Voluptatem rerum non eos et tempore quibusdam neque.","price":"31.00","imageUrl":"http://lorempixel.com/640/480/technics","quantity":54694},{"id":259,"name":"Incredible Wooden Fish","description":"Repellendus nam vero dignissimos tempore soluta. Quis labore numquam non similique eum consectetur consequuntur perferendis. Reprehenderit id fugiat aperiam alias voluptas deserunt similique tempora quia. Consequatur tenetur delectus et. Ducimus amet nihil molestiae tempore.","price":"302.00","imageUrl":"http://lorempixel.com/640/480/transport","quantity":31329},{"id":260,"name":"Incredible Frozen Bike","description":"Consectetur voluptas qui consectetur est veritatis illum est ea ut. Accusantium sit voluptatum magni possimus officia. Voluptatem molestiae similique. Qui repellat et. Aspernatur et architecto dolores natus molestiae provident nulla enim reprehenderit.","price":"210.00","imageUrl":"http://lorempixel.com/640/480/city","quantity":69381},{"id":261,"name":"Small Frozen Towels","description":"Nesciunt culpa aut dicta modi asperiores et. Veritatis facere veritatis laboriosam vel iure ipsa tempora.","price":"63.00","imageUrl":"http://lorempixel.com/640/480/business","quantity":17390},{"id":262,"name":"Sleek Steel Computer","description":"Itaque unde debitis a aliquam quia aut consequatur qui magni. Sed dicta necessitatibus voluptas nobis nihil. Necessitatibus quo mollitia consequatur ullam non quia. Molestiae officia delectus quos est eligendi commodi non. Libero sint quisquam debitis cupiditate exercitationem harum consequatur voluptas. Eos ut a dolor aut cum eius pariatur.","price":"77.00","imageUrl":"http://lorempixel.com/640/480/sports","quantity":50943},{"id":263,"name":"Sleek Granite Bacon","description":"Quae commodi dolorem quasi accusamus. Facilis enim odit atque illum. Quia sit repellendus omnis molestiae saepe quia eum voluptas voluptatem. Nam corporis ratione excepturi distinctio quos numquam sapiente.","price":"539.00","imageUrl":"http://lorempixel.com/640/480/nature","quantity":69815},{"id":264,"name":"Generic Fresh Keyboard","description":"Suscipit qui quisquam ab et modi ipsa. Quo commodi eum ut. Similique ratione dolore consequuntur ex veniam rerum numquam. Sunt dolorem vel vero. Ducimus blanditiis praesentium est in. Natus nobis est veritatis vel.","price":"517.00","imageUrl":"http://lorempixel.com/640/480/city","quantity":78452},{"id":265,"name":"Fantastic Steel Salad","description":"Ut non repellendus et. Ullam odit hic commodi temporibus saepe. Odio modi quo omnis magni modi nihil aut. Omnis id ipsum ex maxime. Maiores natus non ut eius voluptatem velit ea sed aperiam. Modi assumenda modi esse asperiores vitae animi voluptatem.","price":"66.00","imageUrl":"http://lorempixel.com/640/480/sports","quantity":67283},{"id":266,"name":"Handmade Cotton Chips","description":"Aliquid aut et aut in quia. A at illo ad ipsum.","price":"809.00","imageUrl":"http://lorempixel.com/640/480/transport","quantity":8028},{"id":267,"name":"Handcrafted Steel Car","description":"Assumenda ut esse culpa vero occaecati voluptatem repudiandae. Qui consequatur eum voluptate fugiat ea. Hic ut enim facere harum delectus dolores. Et et at voluptate quis veniam qui iste molestiae.","price":"973.00","imageUrl":"http://lorempixel.com/640/480/sports","quantity":75654},{"id":268,"name":"Handcrafted Granite Bike","description":"Perspiciatis aspernatur beatae libero reiciendis quae labore exercitationem quia. Explicabo odit quam et vitae sit animi suscipit ipsa quam. Voluptatem aut architecto neque voluptatem vero dolores.","price":"934.00","imageUrl":"http://lorempixel.com/640/480/people","quantity":46811},{"id":269,"name":"Gorgeous Concrete Fish","description":"Praesentium quis nulla eos. Soluta quisquam veniam voluptas saepe accusantium consequatur qui voluptatem. Ea ea nihil. Non nostrum ratione impedit illo laboriosam fuga nihil quia.","price":"386.00","imageUrl":"http://lorempixel.com/640/480/fashion","quantity":65757},{"id":270,"name":"Fantastic Soft Car","description":"Ullam possimus in id voluptas quia. Qui rerum et repellat qui qui ut praesentium. Exercitationem voluptas id dolor. Eaque ullam aut. Asperiores cumque impedit sint sit vero doloremque. Placeat dignissimos minus corporis dolore et aut sunt ut iusto.","price":"521.00","imageUrl":"http://lorempixel.com/640/480/nightlife","quantity":87277},{"id":271,"name":"Handcrafted Cotton Tuna","description":"Aliquam facere nesciunt est assumenda enim. Impedit nisi aut et amet repellendus. Nesciunt quia aut in voluptas.","price":"965.00","imageUrl":"http://lorempixel.com/640/480/nature","quantity":22372},{"id":272,"name":"Tasty Granite Chips","description":"Deleniti dolores dicta officiis quas quo. Et mollitia modi quod repudiandae est. Quia nihil consequatur qui non modi qui et delectus necessitatibus.","price":"749.00","imageUrl":"http://lorempixel.com/640/480/transport","quantity":6005},{"id":273,"name":"Handcrafted Cotton Pizza","description":"Voluptate quia inventore. Ut qui odio reprehenderit repudiandae id dicta. Voluptate rerum amet dolores.","price":"534.00","imageUrl":"http://lorempixel.com/640/480/food","quantity":77269},{"id":274,"name":"Tasty Wooden Table","description":"A iste illo harum a fugit iste ipsam. Magni voluptas odio aut dolorum ex et.","price":"830.00","imageUrl":"http://lorempixel.com/640/480/sports","quantity":90961},{"id":275,"name":"Tasty Concrete Towels","description":"Delectus soluta sequi. Sequi natus velit fugit provident ipsum eaque aut non. Ab necessitatibus sit. Facilis quis vero fugiat provident ratione odio nesciunt in.","price":"366.00","imageUrl":"http://lorempixel.com/640/480/animals","quantity":81871},{"id":276,"name":"Sleek Concrete Soap","description":"Tempora ullam rerum rerum voluptas quas dolore sit quas. Molestias aut sunt dolor. Adipisci dolores vel voluptatem sed itaque. Ullam quis ut laboriosam explicabo placeat aliquid. Ut cumque dolorem voluptatibus omnis aliquid qui atque.","price":"378.00","imageUrl":"http://lorempixel.com/640/480/abstract","quantity":7001},{"id":277,"name":"Ergonomic Soft Computer","description":"Optio ea iste fugiat. Est voluptate et mollitia. Sit sed qui nobis ex facere numquam.","price":"780.00","imageUrl":"http://lorempixel.com/640/480/nature","quantity":67741},{"id":278,"name":"Rustic Fresh Chips","description":"In voluptatum quia omnis aut qui ipsam qui et tempore. A voluptas officiis aliquid qui earum. Fugiat et deserunt quos eum molestiae impedit modi.","price":"359.00","imageUrl":"http://lorempixel.com/640/480/sports","quantity":14156},{"id":279,"name":"Unbranded Frozen Table","description":"Sit voluptas voluptatem et et necessitatibus ipsum et libero. Iste facere quod. Ut voluptatem dolorem tenetur accusantium distinctio rerum libero non. Nesciunt est aut fugit aspernatur quis suscipit. Quia fugiat et voluptatem.","price":"609.00","imageUrl":"http://lorempixel.com/640/480/nightlife","quantity":55878},{"id":280,"name":"Fantastic Plastic Sausages","description":"Quis ratione quos. Iste nemo quis voluptas expedita quibusdam voluptatum. Enim culpa quia consequatur placeat praesentium asperiores eos maxime ea. Commodi quis ullam nulla veniam est quae adipisci in voluptatibus. Mollitia sequi ab corrupti omnis consequatur. Odio corrupti quia aperiam a tempora et et.","price":"107.00","imageUrl":"http://lorempixel.com/640/480/nightlife","quantity":75400},{"id":281,"name":"Awesome Fresh Shirt","description":"Dolor odit temporibus beatae numquam et nihil eum saepe. Impedit in provident similique. Tempora voluptates perspiciatis.","price":"16.00","imageUrl":"http://lorempixel.com/640/480/food","quantity":93796},{"id":282,"name":"Gorgeous Plastic Pizza","description":"Dolores in amet atque fugiat. Et ut eos. Qui repellendus dicta veniam sapiente porro velit dolorem quae fugiat. Cupiditate pariatur sequi et aut ut sit a. Modi qui quod a. Iusto cum nostrum velit debitis expedita.","price":"255.00","imageUrl":"http://lorempixel.com/640/480/city","quantity":42097},{"id":283,"name":"Ergonomic Frozen Chicken","description":"Porro voluptatem cumque dignissimos facilis nam amet atque officiis quis. Eveniet consequatur omnis qui consequatur beatae sit in. Dolore vel necessitatibus illo voluptatem vitae. Culpa quia omnis non. Reprehenderit quia error est facilis quis suscipit facere non nihil. Consequatur commodi iure quo cupiditate molestias sed.","price":"616.00","imageUrl":"http://lorempixel.com/640/480/animals","quantity":42870},{"id":284,"name":"Rustic Fresh Towels","description":"Id eum fuga eos mollitia tempora illo quia enim. Laboriosam culpa veniam veritatis aut voluptatem recusandae sunt voluptas. Voluptas sed ea repudiandae quibusdam. Eius nam voluptatem voluptatibus sequi aut sed veritatis. Autem corporis occaecati quos eligendi optio consequatur. Dolorem consequatur provident.","price":"738.00","imageUrl":"http://lorempixel.com/640/480/technics","quantity":7997},{"id":285,"name":"Small Metal Hat","description":"Qui nam cum eos et eaque et consequatur. Voluptates temporibus exercitationem. Voluptas in sint pariatur fugit sint qui. Delectus necessitatibus error aut eos minus. A error sit voluptatum eum provident aut est ut nemo. Placeat quam magnam aut ea magni.","price":"979.00","imageUrl":"http://lorempixel.com/640/480/nightlife","quantity":86255},{"id":286,"name":"Practical Rubber Pants","description":"Nihil quisquam placeat perspiciatis nisi laudantium libero consectetur fugiat. Reiciendis nesciunt sed sunt et. Consequatur cupiditate qui et non.","price":"116.00","imageUrl":"http://lorempixel.com/640/480/animals","quantity":69738},{"id":287,"name":"Rustic Granite Fish","description":"Iste molestiae et. Doloribus modi eaque officia non sequi est mollitia ut. Explicabo inventore soluta dolore consectetur minus eligendi impedit dolor optio.","price":"740.00","imageUrl":"http://lorempixel.com/640/480/abstract","quantity":67003},{"id":288,"name":"Handcrafted Metal Pizza","description":"In omnis voluptate quos esse laboriosam voluptatem est. Consectetur eos ut. Et magni voluptatibus optio non ab ab incidunt. Vel aut et. Inventore sint quos incidunt ipsa. Repellat nulla accusantium animi.","price":"675.00","imageUrl":"http://lorempixel.com/640/480/business","quantity":4971},{"id":289,"name":"Small Fresh Chicken","description":"Iure sit et perspiciatis eligendi et. Sed nisi esse voluptatibus saepe saepe sunt quidem ratione. Assumenda pariatur necessitatibus.","price":"326.00","imageUrl":"http://lorempixel.com/640/480/sports","quantity":44620},{"id":290,"name":"Unbranded Wooden Shoes","description":"Quisquam quam omnis nulla sint quia eveniet iusto rerum dolores. Nemo quae quasi ut ipsam aut.","price":"546.00","imageUrl":"http://lorempixel.com/640/480/cats","quantity":61977},{"id":291,"name":"Ergonomic Metal Bacon","description":"Doloribus architecto sit. Debitis qui nihil voluptatem nobis sit commodi. Ipsa enim vitae voluptatem vel veniam totam enim perspiciatis. Et et dolores. Laudantium quos corporis nihil quibusdam dolorem. Qui rerum eos.","price":"40.00","imageUrl":"http://lorempixel.com/640/480/transport","quantity":86300},{"id":292,"name":"Fantastic Rubber Salad","description":"Quos est id sit. Modi dicta et ipsam. Tempora incidunt beatae.","price":"509.00","imageUrl":"http://lorempixel.com/640/480/sports","quantity":85456},{"id":293,"name":"Practical Granite Chips","description":"Repellat id est voluptas nisi exercitationem excepturi. Quis magnam eum aut quisquam doloremque quos quibusdam.","price":"615.00","imageUrl":"http://lorempixel.com/640/480/nature","quantity":27423},{"id":294,"name":"Practical Fresh Hat","description":"Eum officiis hic tempora commodi sequi quo recusandae. Rem nam nihil quae totam illum dolores magnam quasi voluptates. Quia quia et excepturi.","price":"940.00","imageUrl":"http://lorempixel.com/640/480/people","quantity":25719},{"id":295,"name":"Handcrafted Frozen Soap","description":"Totam quibusdam esse molestiae dolorum nulla eligendi iste. Sed sit laboriosam aut dicta eaque ut. Consequatur sed unde laudantium. Consequatur sunt earum et voluptas eum at.","price":"394.00","imageUrl":"http://lorempixel.com/640/480/transport","quantity":93018},{"id":296,"name":"Small Granite Shirt","description":"Sit rerum exercitationem. Fugiat quia quod mollitia optio. Perferendis nesciunt nam rem veniam.","price":"268.00","imageUrl":"http://lorempixel.com/640/480/city","quantity":28554},{"id":297,"name":"Gorgeous Frozen Pants","description":"Omnis natus accusantium. Sed ab ut nihil magnam ut dolores eos. Officiis voluptas consequatur eum delectus quibusdam inventore perferendis animi voluptatem. In modi modi sed hic dolor delectus asperiores incidunt. Dolor nihil perferendis consequatur minima officia vero omnis porro fuga.","price":"202.00","imageUrl":"http://lorempixel.com/640/480/nightlife","quantity":86765},{"id":298,"name":"Handmade Frozen Keyboard","description":"Fuga dolor ipsam fugiat quaerat in quaerat quasi excepturi rem. Adipisci neque aut et odit voluptatum voluptates repudiandae ut in. Autem incidunt asperiores dolorem.","price":"547.00","imageUrl":"http://lorempixel.com/640/480/cats","quantity":95976},{"id":299,"name":"Refined Granite Computer","description":"Nostrum facere autem tempore doloribus necessitatibus omnis sint sint earum. Aspernatur omnis autem quo quasi. A nobis provident cumque perspiciatis hic. A sit dolorum harum excepturi distinctio. Voluptatem tenetur aspernatur aliquam voluptas suscipit consequatur. Sit consequatur occaecati qui.","price":"440.00","imageUrl":"http://lorempixel.com/640/480/cats","quantity":7176},{"id":300,"name":"Tasty Wooden Table","description":"Voluptatem nisi id est omnis ipsum voluptatum rerum facilis possimus. Reiciendis tempore odio suscipit velit enim. Optio velit voluptas. Quis alias in velit suscipit illum qui enim ut sint.","price":"771.00","imageUrl":"http://lorempixel.com/640/480/fashion","quantity":70795}]}
