
{
  "header": {
    "reportVersion": 1,
    "event": "Allocation failed - JavaScript heap out of memory",
    "trigger": "FatalError",
    "filename": "report.20200531.162455.22012.0.001.json",
    "dumpEventTime": "2020-05-31T16:24:55Z",
    "dumpEventTimeStamp": "1590931495652",
    "processId": 22012,
    "cwd": "C:\\taskautomationtoolsystem",
    "commandLine": [
      "C:\\Program Files\\nodejs\\node.exe",
      "C:\\taskautomationtoolsystem\\node_modules\\jest-worker\\build\\workers\\processChild.js"
    ],
    "nodejsVersion": "v12.14.1",
    "wordSize": 64,
    "arch": "x64",
    "platform": "win32",
    "componentVersions": {
      "node": "12.14.1",
      "v8": "7.7.299.13-node.16",
      "uv": "1.33.1",
      "zlib": "1.2.11",
      "brotli": "1.0.7",
      "ares": "1.15.0",
      "modules": "72",
      "nghttp2": "1.40.0",
      "napi": "5",
      "llhttp": "2.0.1",
      "http_parser": "2.8.0",
      "openssl": "1.1.1d",
      "cldr": "35.1",
      "icu": "64.2",
      "tz": "2019c",
      "unicode": "12.1"
    },
    "release": {
      "name": "node",
      "lts": "Erbium",
      "headersUrl": "https://nodejs.org/download/release/v12.14.1/node-v12.14.1-headers.tar.gz",
      "sourceUrl": "https://nodejs.org/download/release/v12.14.1/node-v12.14.1.tar.gz",
      "libUrl": "https://nodejs.org/download/release/v12.14.1/win-x64/node.lib"
    },
    "osName": "Windows_NT",
    "osRelease": "10.0.17763",
    "osVersion": "Windows 10 Enterprise",
    "osMachine": "x86_64",
    "cpus": [
      {
        "model": "Intel(R) Core(TM) i5-8350U CPU @ 1.70GHz",
        "speed": 1896,
        "user": 16565656,
        "nice": 0,
        "sys": 22132703,
        "idle": 264076625,
        "irq": 3136765
      },
      {
        "model": "Intel(R) Core(TM) i5-8350U CPU @ 1.70GHz",
        "speed": 1896,
        "user": 9791000,
        "nice": 0,
        "sys": 8512562,
        "idle": 284470750,
        "irq": 302109
      },
      {
        "model": "Intel(R) Core(TM) i5-8350U CPU @ 1.70GHz",
        "speed": 1896,
        "user": 16083765,
        "nice": 0,
        "sys": 14687453,
        "idle": 272003093,
        "irq": 317953
      },
      {
        "model": "Intel(R) Core(TM) i5-8350U CPU @ 1.70GHz",
        "speed": 1896,
        "user": 12949593,
        "nice": 0,
        "sys": 12004484,
        "idle": 277820218,
        "irq": 339906
      },
      {
        "model": "Intel(R) Core(TM) i5-8350U CPU @ 1.70GHz",
        "speed": 1896,
        "user": 16388312,
        "nice": 0,
        "sys": 16560359,
        "idle": 269825625,
        "irq": 408687
      },
      {
        "model": "Intel(R) Core(TM) i5-8350U CPU @ 1.70GHz",
        "speed": 1896,
        "user": 10250734,
        "nice": 0,
        "sys": 9565718,
        "idle": 282957843,
        "irq": 168671
      },
      {
        "model": "Intel(R) Core(TM) i5-8350U CPU @ 1.70GHz",
        "speed": 1896,
        "user": 16680437,
        "nice": 0,
        "sys": 19367031,
        "idle": 266726828,
        "irq": 312265
      },
      {
        "model": "Intel(R) Core(TM) i5-8350U CPU @ 1.70GHz",
        "speed": 1896,
        "user": 11826984,
        "nice": 0,
        "sys": 10721203,
        "idle": 280226109,
        "irq": 183906
      }
    ],
    "networkInterfaces": [
      {
        "name": "Ethernet 2",
        "internal": false,
        "mac": "00:05:9a:3c:7a:00",
        "address": "10.214.240.224",
        "netmask": "255.255.240.0",
        "family": "IPv4"
      },
      {
        "name": "Wi-Fi",
        "internal": false,
        "mac": "b4:69:21:77:5b:2d",
        "address": "fe80::c514:e1a:ee2e:dae3",
        "netmask": "ffff:ffff:ffff:ffff::",
        "family": "IPv6",
        "scopeid": 22
      },
      {
        "name": "Wi-Fi",
        "internal": false,
        "mac": "b4:69:21:77:5b:2d",
        "address": "10.0.0.53",
        "netmask": "255.255.255.0",
        "family": "IPv4"
      },
      {
        "name": "Loopback Pseudo-Interface 1",
        "internal": true,
        "mac": "00:00:00:00:00:00",
        "address": "::1",
        "netmask": "ffff:ffff:ffff:ffff:ffff:ffff:ffff:ffff",
        "family": "IPv6",
        "scopeid": 0
      },
      {
        "name": "Loopback Pseudo-Interface 1",
        "internal": true,
        "mac": "00:00:00:00:00:00",
        "address": "127.0.0.1",
        "netmask": "255.0.0.0",
        "family": "IPv4"
      },
      {
        "name": "vEthernet (Default Switch)",
        "internal": false,
        "mac": "02:15:9f:ea:b5:3f",
        "address": "fe80::a98f:cd0f:6f75:dec",
        "netmask": "ffff:ffff:ffff:ffff::",
        "family": "IPv6",
        "scopeid": 24
      },
      {
        "name": "vEthernet (Default Switch)",
        "internal": false,
        "mac": "02:15:9f:ea:b5:3f",
        "address": "172.17.198.209",
        "netmask": "255.255.255.240",
        "family": "IPv4"
      }
    ],
    "host": "gshalev6-MOBL"
  },
  "javascriptStack": {
    "message": "No stack.",
    "stack": [
      "Unavailable."
    ]
  },
  "nativeStack": [
    {
      "pc": "0x00007ff77d891759",
      "symbol": "std::basic_ostream<char,std::char_traits<char> >::operator<<+10873"
    },
    {
      "pc": "0x00007ff77d895b7c",
      "symbol": "std::basic_ostream<char,std::char_traits<char> >::operator<<+28316"
    },
    {
      "pc": "0x00007ff77d894b38",
      "symbol": "std::basic_ostream<char,std::char_traits<char> >::operator<<+24152"
    },
    {
      "pc": "0x00007ff77d98433b",
      "symbol": "v8::base::CPU::has_sse+37723"
    },
    {
      "pc": "0x00007ff77e188c5e",
      "symbol": "v8::Isolate::ReportExternalAllocationLimitReached+94"
    },
    {
      "pc": "0x00007ff77e170ca1",
      "symbol": "v8::SharedArrayBuffer::Externalize+833"
    },
    {
      "pc": "0x00007ff77e03e56c",
      "symbol": "v8::internal::Heap::EphemeronKeyWriteBarrierFromCode+1436"
    },
    {
      "pc": "0x00007ff77e049910",
      "symbol": "v8::internal::Heap::ProtectUnprotectedMemoryChunks+1312"
    },
    {
      "pc": "0x00007ff77e046444",
      "symbol": "v8::internal::Heap::PageFlagsAreConsistent+3204"
    },
    {
      "pc": "0x00007ff77e03bcd3",
      "symbol": "v8::internal::Heap::CollectGarbage+1283"
    },
    {
      "pc": "0x00007ff77e03a4a4",
      "symbol": "v8::internal::Heap::AddRetainedMap+2356"
    },
    {
      "pc": "0x00007ff77e05b775",
      "symbol": "v8::internal::Factory::NewFillerObject+53"
    },
    {
      "pc": "0x00007ff77ddc78d7",
      "symbol": "v8::internal::interpreter::JumpTableTargetOffsets::iterator::operator=+3687"
    },
    {
      "pc": "0x00007ff77e5b463d",
      "symbol": "v8::internal::SetupIsolateDelegate::SetupHeap+567949"
    },
    {
      "pc": "0x000001b1d84b7c8a",
      "symbol": ""
    }
  ],
  "javascriptHeap": {
    "totalMemory": 2152484864,
    "totalCommittedMemory": 2152484864,
    "usedMemory": 2111518280,
    "availableMemory": 49405976,
    "memoryLimit": 2197815296,
    "heapSpaces": {
      "read_only_space": {
        "memorySize": 262144,
        "committedMemory": 262144,
        "capacity": 261872,
        "used": 32296,
        "available": 229576
      },
      "new_space": {
        "memorySize": 2097152,
        "committedMemory": 2097152,
        "capacity": 1047488,
        "used": 23520,
        "available": 1023968
      },
      "old_space": {
        "memorySize": 1942859776,
        "committedMemory": 1942859776,
        "capacity": 1907166632,
        "used": 1905392120,
        "available": 1774512
      },
      "code_space": {
        "memorySize": 2260992,
        "committedMemory": 2260992,
        "capacity": 1855776,
        "used": 1855776,
        "available": 0
      },
      "map_space": {
        "memorySize": 1576960,
        "committedMemory": 1576960,
        "capacity": 958640,
        "used": 958640,
        "available": 0
      },
      "large_object_space": {
        "memorySize": 203378688,
        "committedMemory": 203378688,
        "capacity": 203252376,
        "used": 203252376,
        "available": 0
      },
      "code_large_object_space": {
        "memorySize": 49152,
        "committedMemory": 49152,
        "capacity": 3552,
        "used": 3552,
        "available": 0
      },
      "new_large_object_space": {
        "memorySize": 0,
        "committedMemory": 0,
        "capacity": 1047488,
        "used": 0,
        "available": 1047488
      }
    }
  },
  "resourceUsage": {
    "userCpuSeconds": 210.421,
    "kernelCpuSeconds": 5.093,
    "cpuConsumptionPercent": 201.415,
    "maxRss": 2309390336,
    "pageFaults": {
      "IORequired": 963822,
      "IONotRequired": 0
    },
    "fsActivity": {
      "reads": 962,
      "writes": 123
    }
  },
  "libuv": [
  ],
  "environmentVariables": {
    "ALLUSERSPROFILE": "C:\\ProgramData",
    "APPDATA": "C:\\Users\\gshalev6\\AppData\\Roaming",
    "BROWSERSLIST_IGNORE_OLD_DATA": "1",
    "ChocolateyInstall": "C:\\ProgramData\\chocolatey",
    "ChocolateyLastPathUpdate": "Sun Mar  3 20:19:08 2019",
    "COLORTERM": "truecolor",
    "CommonProgramFiles": "C:\\Program Files\\Common Files",
    "CommonProgramFiles(x86)": "C:\\Program Files (x86)\\Common Files",
    "CommonProgramW6432": "C:\\Program Files\\Common Files",
    "COMPUTERNAME": "GSHALEV6-MOBL",
    "ComSpec": "C:\\WINDOWS\\system32\\cmd.exe",
    "DEFLOGDIR": "C:\\ProgramData\\McAfee\\Endpoint Security\\Logs",
    "DEPLOYMENT_JSON": "C:\\temp\\Output\\deployment.json",
    "DriverData": "C:\\Windows\\System32\\Drivers\\DriverData",
    "FORCE_COLOR": "1",
    "GIT_ASKPASS": "c:\\Users\\gshalev6\\AppData\\Local\\Programs\\Microsoft VS Code\\resources\\app\\extensions\\git\\dist\\askpass.sh",
    "HOMEDRIVE": "C:",
    "HOMEPATH": "\\Users\\gshalev6",
    "HTTPS_PROXY": "http://proxy.iil.intel.com:911",
    "HTTP_PROXY": "http://proxy.iil.intel.com:911",
    "Intellogs": "C:\\Intel\\Logs",
    "JAVA_HOME": "C:\\Program Files\\Java\\jdk1.8.0_201",
    "JEST_WORKER_ID": "1",
    "LANG": "en_US.UTF-8",
    "LOCALAPPDATA": "C:\\Users\\gshalev6\\AppData\\Local",
    "LOGONSERVER": "\\\\HASGER403",
    "NO_PROXY": "gitlab.devtools.intel.com",
    "NUMBER_OF_PROCESSORS": "8",
    "OneDrive": "C:\\Users\\gshalev6\\OneDrive - Intel Corporation",
    "OneDriveCommercial": "C:\\Users\\gshalev6\\OneDrive - Intel Corporation",
    "OS": "Windows_NT",
    "Path": "C:\\Program Files (x86)\\Common Files\\Oracle\\Java\\javapath;C:\\ProgramData\\Oracle\\Java\\javapath;C:\\WINDOWS\\system32;C:\\WINDOWS;C:\\WINDOWS\\System32\\Wbem;C:\\WINDOWS\\System32\\WindowsPowerShell\\v1.0\\;C:\\Program Files\\dotnet\\;C:\\Program Files\\Microsoft SQL Server\\130\\Tools\\Binn\\;C:\\Program Files\\PuTTY\\;C:\\Program Files\\CMake\\bin;C:\\Program Files\\Java\\jdk1.8.0_201\\bin;C:\\MY_MAVEN\\apache-maven-3.6.0-bin\\apache-maven-3.6.0\\bin;C:\\ProgramData\\chocolatey\\bin;C:\\Program Files\\Git\\cmd;C:\\Program Files\\Microsoft SQL Server\\Client SDK\\ODBC\\170\\Tools\\Binn\\;C:\\WINDOWS\\System32\\OpenSSH\\;C:\\Program Files\\Amazon\\AWSCLI\\bin\\;C:\\Program Files (x86)\\Microsoft SQL Server\\150\\DTS\\Binn\\;C:\\Program Files (x86)\\Microsoft SQL Server\\150\\Tools\\Binn\\;C:\\Program Files\\Microsoft SQL Server\\150\\Tools\\Binn\\;C:\\Program Files\\Microsoft SQL Server\\150\\DTS\\Binn\\;C:\\Program Files\\Kubernetes\\Minikube;C:\\Program Files (x86)\\GnuWin32\\bin;C:\\Program Files\\nodejs\\;C:\\Program Files (x86)\\Yarn\\bin\\;C:\\Program Files (x86)\\Intel\\Intel(R) Management Engine Components\\DAL;C:\\Program Files\\Intel\\Intel(R) Management Engine Components\\DAL;C:\\Users\\gshalev6\\AppData\\Local\\Programs\\Python\\Python38;C:\\Users\\gshalev6\\AppData\\Local\\Programs\\Python\\Python38\\Scripts;C:\\Program Files\\Amazon\\AWSCLIV2\\;C:\\Program Files (x86)\\Java\\jre1.8.0_201\\bin;;C:\\Program Files\\Docker\\Docker\\resources\\bin;C:\\ProgramData\\DockerDesktop\\version-bin;C:\\Users\\gshalev6\\AppData\\Local\\Microsoft\\WindowsApps;C:\\Users\\gshalev6\\.dotnet\\tools;C:\\Users\\gshalev6\\AppData\\Local\\Programs\\Microsoft VS Code\\bin;C:\\Users\\gshalev6\\AppData\\Local\\Microsoft\\WindowsApps;C:\\Users\\gshalev6\\AppData\\Roaming\\npm;C:\\Users\\gshalev6\\AppData\\Local\\Yarn\\bin;C:\\Users\\gshalev6\\Downloads\\Ubuntu;C:\\Program Files\\MongoDB\\Server\\4.2\\bin;C:\\Users\\gshalev6\\AppData\\Local\\Programs\\Python\\Python38;C:\\Users\\gshalev6\\AppData\\Local\\Programs\\Python\\Python38\\Scripts;C:\\Program Files\\JetBrains\\WebStorm 2019.3.4\\bin;;C:\\Program Files\\JetBrains\\PhpStorm 2019.3.3\\bin;;C:\\Program Files\\Amazon\\AWSCLIV2;C:\\Program Files (x86)\\Java\\jre1.8.0_201\\bin;",
    "PATHEXT": ".COM;.EXE;.BAT;.CMD;.VBS;.VBE;.JS;.JSE;.WSF;.WSH;.MSC;.CPL",
    "PhpStorm": "C:\\Program Files\\JetBrains\\PhpStorm 2019.3.3\\bin;",
    "PROCESSOR_ARCHITECTURE": "AMD64",
    "PROCESSOR_IDENTIFIER": "Intel64 Family 6 Model 142 Stepping 10, GenuineIntel",
    "PROCESSOR_LEVEL": "6",
    "PROCESSOR_REVISION": "8e0a",
    "ProgramData": "C:\\ProgramData",
    "ProgramFiles": "C:\\Program Files",
    "ProgramFiles(x86)": "C:\\Program Files (x86)",
    "ProgramW6432": "C:\\Program Files",
    "PSModulePath": "C:\\Users\\gshalev6\\Documents\\WindowsPowerShell\\Modules;C:\\Program Files\\WindowsPowerShell\\Modules;C:\\WINDOWS\\system32\\WindowsPowerShell\\v1.0\\Modules;C:\\Program Files (x86)\\Microsoft SQL Server\\150\\Tools\\PowerShell\\Modules\\",
    "PUBLIC": "C:\\Users\\Public",
    "SESSIONNAME": "Console",
    "SystemDrive": "C:",
    "SystemRoot": "C:\\WINDOWS",
    "TEMP": "C:\\Users\\gshalev6\\AppData\\Local\\Temp",
    "TERM_PROGRAM": "vscode",
    "TERM_PROGRAM_VERSION": "1.45.1",
    "TMP": "C:\\Users\\gshalev6\\AppData\\Local\\Temp",
    "TMPDIR": "C:\\Users\\Public\\Documents\\Wondershare\\CreatorTemp",
    "UATDATA": "C:\\windows\\CCM\\UATData\\D9F8C395-CAB8-491d-B8AC-179A1FE1BE77",
    "USERDNSDOMAIN": "GER.CORP.INTEL.COM",
    "USERDOMAIN": "GER",
    "USERDOMAIN_ROAMINGPROFILE": "GER",
    "USERNAME": "gshalev6",
    "USERPROFILE": "C:\\Users\\gshalev6",
    "VSCODE_GIT_ASKPASS_MAIN": "c:\\Users\\gshalev6\\AppData\\Local\\Programs\\Microsoft VS Code\\resources\\app\\extensions\\git\\dist\\askpass-main.js",
    "VSCODE_GIT_ASKPASS_NODE": "C:\\Users\\gshalev6\\AppData\\Local\\Programs\\Microsoft VS Code\\Code.exe",
    "VSCODE_GIT_IPC_HANDLE": "\\\\.\\pipe\\vscode-git-385e798f2f-sock",
    "WEBPACK_DEV_SERVER": "true",
    "WebStorm": "C:\\Program Files\\JetBrains\\WebStorm 2019.3.4\\bin;",
    "windir": "C:\\WINDOWS",
    "_JAVA_OPTIONS": "-Djava.net.preferIPv4Stack=true"
  },
  "sharedObjects": [
    "C:\\Program Files\\nodejs\\node.exe",
    "C:\\WINDOWS\\SYSTEM32\\ntdll.dll",
    "C:\\WINDOWS\\System32\\KERNEL32.DLL",
    "C:\\WINDOWS\\System32\\KERNELBASE.dll",
    "C:\\WINDOWS\\System32\\WS2_32.dll",
    "C:\\WINDOWS\\System32\\RPCRT4.dll",
    "C:\\WINDOWS\\SYSTEM32\\dbghelp.dll",
    "C:\\WINDOWS\\System32\\ucrtbase.dll",
    "C:\\WINDOWS\\System32\\ADVAPI32.dll",
    "C:\\WINDOWS\\System32\\msvcrt.dll",
    "C:\\WINDOWS\\System32\\sechost.dll",
    "C:\\WINDOWS\\System32\\USER32.dll",
    "C:\\WINDOWS\\System32\\win32u.dll",
    "C:\\WINDOWS\\System32\\GDI32.dll",
    "C:\\WINDOWS\\System32\\gdi32full.dll",
    "C:\\WINDOWS\\System32\\msvcp_win.dll",
    "C:\\WINDOWS\\System32\\PSAPI.DLL",
    "C:\\WINDOWS\\System32\\CRYPT32.dll",
    "C:\\WINDOWS\\System32\\MSASN1.dll",
    "C:\\WINDOWS\\SYSTEM32\\USERENV.dll",
    "C:\\WINDOWS\\SYSTEM32\\IPHLPAPI.DLL",
    "C:\\WINDOWS\\System32\\bcrypt.dll",
    "C:\\WINDOWS\\System32\\profapi.dll",
    "C:\\WINDOWS\\SYSTEM32\\WINMM.dll",
    "C:\\WINDOWS\\SYSTEM32\\WINMMBASE.dll",
    "C:\\WINDOWS\\System32\\cfgmgr32.dll",
    "C:\\WINDOWS\\System32\\IMM32.DLL",
    "C:\\WINDOWS\\System32\\powrprof.dll",
    "C:\\WINDOWS\\SYSTEM32\\CRYPTBASE.DLL",
    "C:\\WINDOWS\\System32\\bcryptPrimitives.dll",
    "C:\\WINDOWS\\system32\\uxtheme.dll",
    "C:\\WINDOWS\\System32\\combase.dll",
    "C:\\WINDOWS\\system32\\mswsock.dll",
    "C:\\WINDOWS\\System32\\kernel.appcore.dll",
    "C:\\WINDOWS\\System32\\NSI.dll",
    "C:\\WINDOWS\\SYSTEM32\\dhcpcsvc6.DLL",
    "C:\\WINDOWS\\SYSTEM32\\dhcpcsvc.DLL",
    "C:\\WINDOWS\\SYSTEM32\\DNSAPI.dll",
    "C:\\WINDOWS\\system32\\napinsp.dll",
    "C:\\WINDOWS\\system32\\pnrpnsp.dll",
    "C:\\WINDOWS\\System32\\winrnr.dll",
    "C:\\WINDOWS\\system32\\NLAapi.dll",
    "C:\\WINDOWS\\system32\\wshbth.dll"
  ]
}